"Code";"Name";"Period";"Unemployed";"Year";"Value";"Measure Unit";"Attribute";
0000000;"POLAND";"as of the end of December";"total";"2024";786179;"person";"";
0000000;"POLAND";"as of the end of December";"females";"2024";405806;"person";"";
0000000;"POLAND";"as of the end of December";"males";"2024";380373;"person";"";
0000000;"POLAND";"as of the end of December";"below 25 years";"2024";101855;"person";"";
0000000;"POLAND";"as of the end of December";"below 30 years";"2024";187687;"person";"";
0000000;"POLAND";"as of the end of December";"over 50 years";"2024";211653;"person";"";
0000000;"POLAND";"as of the end of December";"long-term unemployed";"2024";381777;"person";"";
0200000;"DOLNOŚLĄSKIE";"as of the end of December";"total";"2024";55474;"person";"";
0200000;"DOLNOŚLĄSKIE";"as of the end of December";"females";"2024";28265;"person";"";
0200000;"DOLNOŚLĄSKIE";"as of the end of December";"males";"2024";27209;"person";"";
0200000;"DOLNOŚLĄSKIE";"as of the end of December";"below 25 years";"2024";5887;"person";"";
0200000;"DOLNOŚLĄSKIE";"as of the end of December";"below 30 years";"2024";11368;"person";"";
0200000;"DOLNOŚLĄSKIE";"as of the end of December";"over 50 years";"2024";16112;"person";"";
0200000;"DOLNOŚLĄSKIE";"as of the end of December";"long-term unemployed";"2024";25622;"person";"";
0201000;"Powiat bolesławiecki";"as of the end of December";"total";"2024";960;"person";"";
0201000;"Powiat bolesławiecki";"as of the end of December";"females";"2024";518;"person";"";
0201000;"Powiat bolesławiecki";"as of the end of December";"males";"2024";442;"person";"";
0201000;"Powiat bolesławiecki";"as of the end of December";"below 25 years";"2024";132;"person";"";
0201000;"Powiat bolesławiecki";"as of the end of December";"below 30 years";"2024";243;"person";"";
0201000;"Powiat bolesławiecki";"as of the end of December";"over 50 years";"2024";265;"person";"";
0201000;"Powiat bolesławiecki";"as of the end of December";"long-term unemployed";"2024";251;"person";"";
0202000;"Powiat dzierżoniowski";"as of the end of December";"total";"2024";1739;"person";"";
0202000;"Powiat dzierżoniowski";"as of the end of December";"females";"2024";865;"person";"";
0202000;"Powiat dzierżoniowski";"as of the end of December";"males";"2024";874;"person";"";
0202000;"Powiat dzierżoniowski";"as of the end of December";"below 25 years";"2024";179;"person";"";
0202000;"Powiat dzierżoniowski";"as of the end of December";"below 30 years";"2024";317;"person";"";
0202000;"Powiat dzierżoniowski";"as of the end of December";"over 50 years";"2024";556;"person";"";
0202000;"Powiat dzierżoniowski";"as of the end of December";"long-term unemployed";"2024";617;"person";"";
0203000;"Powiat głogowski";"as of the end of December";"total";"2024";1776;"person";"";
0203000;"Powiat głogowski";"as of the end of December";"females";"2024";1088;"person";"";
0203000;"Powiat głogowski";"as of the end of December";"males";"2024";688;"person";"";
0203000;"Powiat głogowski";"as of the end of December";"below 25 years";"2024";229;"person";"";
0203000;"Powiat głogowski";"as of the end of December";"below 30 years";"2024";431;"person";"";
0203000;"Powiat głogowski";"as of the end of December";"over 50 years";"2024";389;"person";"";
0203000;"Powiat głogowski";"as of the end of December";"long-term unemployed";"2024";890;"person";"";
0204000;"Powiat górowski";"as of the end of December";"total";"2024";1307;"person";"";
0204000;"Powiat górowski";"as of the end of December";"females";"2024";727;"person";"";
0204000;"Powiat górowski";"as of the end of December";"males";"2024";580;"person";"";
0204000;"Powiat górowski";"as of the end of December";"below 25 years";"2024";221;"person";"";
0204000;"Powiat górowski";"as of the end of December";"below 30 years";"2024";369;"person";"";
0204000;"Powiat górowski";"as of the end of December";"over 50 years";"2024";310;"person";"";
0204000;"Powiat górowski";"as of the end of December";"long-term unemployed";"2024";698;"person";"";
0205000;"Powiat jaworski";"as of the end of December";"total";"2024";1564;"person";"";
0205000;"Powiat jaworski";"as of the end of December";"females";"2024";776;"person";"";
0205000;"Powiat jaworski";"as of the end of December";"males";"2024";788;"person";"";
0205000;"Powiat jaworski";"as of the end of December";"below 25 years";"2024";182;"person";"";
0205000;"Powiat jaworski";"as of the end of December";"below 30 years";"2024";343;"person";"";
0205000;"Powiat jaworski";"as of the end of December";"over 50 years";"2024";443;"person";"";
0205000;"Powiat jaworski";"as of the end of December";"long-term unemployed";"2024";832;"person";"";
0206000;"Powiat karkonoski";"as of the end of December";"total";"2024";1620;"person";"";
0206000;"Powiat karkonoski";"as of the end of December";"females";"2024";762;"person";"";
0206000;"Powiat karkonoski";"as of the end of December";"males";"2024";858;"person";"";
0206000;"Powiat karkonoski";"as of the end of December";"below 25 years";"2024";113;"person";"";
0206000;"Powiat karkonoski";"as of the end of December";"below 30 years";"2024";254;"person";"";
0206000;"Powiat karkonoski";"as of the end of December";"over 50 years";"2024";533;"person";"";
0206000;"Powiat karkonoski";"as of the end of December";"long-term unemployed";"2024";941;"person";"";
0207000;"Powiat kamiennogórski";"as of the end of December";"total";"2024";894;"person";"";
0207000;"Powiat kamiennogórski";"as of the end of December";"females";"2024";414;"person";"";
0207000;"Powiat kamiennogórski";"as of the end of December";"males";"2024";480;"person";"";
0207000;"Powiat kamiennogórski";"as of the end of December";"below 25 years";"2024";128;"person";"";
0207000;"Powiat kamiennogórski";"as of the end of December";"below 30 years";"2024";210;"person";"";
0207000;"Powiat kamiennogórski";"as of the end of December";"over 50 years";"2024";263;"person";"";
0207000;"Powiat kamiennogórski";"as of the end of December";"long-term unemployed";"2024";349;"person";"";
0208000;"Powiat kłodzki";"as of the end of December";"total";"2024";5756;"person";"";
0208000;"Powiat kłodzki";"as of the end of December";"females";"2024";2758;"person";"";
0208000;"Powiat kłodzki";"as of the end of December";"males";"2024";2998;"person";"";
0208000;"Powiat kłodzki";"as of the end of December";"below 25 years";"2024";601;"person";"";
0208000;"Powiat kłodzki";"as of the end of December";"below 30 years";"2024";1138;"person";"";
0208000;"Powiat kłodzki";"as of the end of December";"over 50 years";"2024";1644;"person";"";
0208000;"Powiat kłodzki";"as of the end of December";"long-term unemployed";"2024";3124;"person";"";
0209000;"Powiat legnicki";"as of the end of December";"total";"2024";1461;"person";"";
0209000;"Powiat legnicki";"as of the end of December";"females";"2024";758;"person";"";
0209000;"Powiat legnicki";"as of the end of December";"males";"2024";703;"person";"";
0209000;"Powiat legnicki";"as of the end of December";"below 25 years";"2024";158;"person";"";
0209000;"Powiat legnicki";"as of the end of December";"below 30 years";"2024";302;"person";"";
0209000;"Powiat legnicki";"as of the end of December";"over 50 years";"2024";407;"person";"";
0209000;"Powiat legnicki";"as of the end of December";"long-term unemployed";"2024";796;"person";"";
0210000;"Powiat lubański";"as of the end of December";"total";"2024";1057;"person";"";
0210000;"Powiat lubański";"as of the end of December";"females";"2024";451;"person";"";
0210000;"Powiat lubański";"as of the end of December";"males";"2024";606;"person";"";
0210000;"Powiat lubański";"as of the end of December";"below 25 years";"2024";121;"person";"";
0210000;"Powiat lubański";"as of the end of December";"below 30 years";"2024";233;"person";"";
0210000;"Powiat lubański";"as of the end of December";"over 50 years";"2024";318;"person";"";
0210000;"Powiat lubański";"as of the end of December";"long-term unemployed";"2024";431;"person";"";
0211000;"Powiat lubiński";"as of the end of December";"total";"2024";1313;"person";"";
0211000;"Powiat lubiński";"as of the end of December";"females";"2024";790;"person";"";
0211000;"Powiat lubiński";"as of the end of December";"males";"2024";523;"person";"";
0211000;"Powiat lubiński";"as of the end of December";"below 25 years";"2024";175;"person";"";
0211000;"Powiat lubiński";"as of the end of December";"below 30 years";"2024";338;"person";"";
0211000;"Powiat lubiński";"as of the end of December";"over 50 years";"2024";344;"person";"";
0211000;"Powiat lubiński";"as of the end of December";"long-term unemployed";"2024";511;"person";"";
0212000;"Powiat lwówecki";"as of the end of December";"total";"2024";1029;"person";"";
0212000;"Powiat lwówecki";"as of the end of December";"females";"2024";544;"person";"";
0212000;"Powiat lwówecki";"as of the end of December";"males";"2024";485;"person";"";
0212000;"Powiat lwówecki";"as of the end of December";"below 25 years";"2024";112;"person";"";
0212000;"Powiat lwówecki";"as of the end of December";"below 30 years";"2024";234;"person";"";
0212000;"Powiat lwówecki";"as of the end of December";"over 50 years";"2024";317;"person";"";
0212000;"Powiat lwówecki";"as of the end of December";"long-term unemployed";"2024";478;"person";"";
0213000;"Powiat milicki";"as of the end of December";"total";"2024";731;"person";"";
0213000;"Powiat milicki";"as of the end of December";"females";"2024";409;"person";"";
0213000;"Powiat milicki";"as of the end of December";"males";"2024";322;"person";"";
0213000;"Powiat milicki";"as of the end of December";"below 25 years";"2024";130;"person";"";
0213000;"Powiat milicki";"as of the end of December";"below 30 years";"2024";179;"person";"";
0213000;"Powiat milicki";"as of the end of December";"over 50 years";"2024";207;"person";"";
0213000;"Powiat milicki";"as of the end of December";"long-term unemployed";"2024";358;"person";"";
0214000;"Powiat oleśnicki";"as of the end of December";"total";"2024";2240;"person";"";
0214000;"Powiat oleśnicki";"as of the end of December";"females";"2024";1127;"person";"";
0214000;"Powiat oleśnicki";"as of the end of December";"males";"2024";1113;"person";"";
0214000;"Powiat oleśnicki";"as of the end of December";"below 25 years";"2024";279;"person";"";
0214000;"Powiat oleśnicki";"as of the end of December";"below 30 years";"2024";492;"person";"";
0214000;"Powiat oleśnicki";"as of the end of December";"over 50 years";"2024";622;"person";"";
0214000;"Powiat oleśnicki";"as of the end of December";"long-term unemployed";"2024";1033;"person";"";
0215000;"Powiat oławski";"as of the end of December";"total";"2024";1583;"person";"";
0215000;"Powiat oławski";"as of the end of December";"females";"2024";766;"person";"";
0215000;"Powiat oławski";"as of the end of December";"males";"2024";817;"person";"";
0215000;"Powiat oławski";"as of the end of December";"below 25 years";"2024";186;"person";"";
0215000;"Powiat oławski";"as of the end of December";"below 30 years";"2024";328;"person";"";
0215000;"Powiat oławski";"as of the end of December";"over 50 years";"2024";453;"person";"";
0215000;"Powiat oławski";"as of the end of December";"long-term unemployed";"2024";672;"person";"";
0216000;"Powiat polkowicki";"as of the end of December";"total";"2024";1476;"person";"";
0216000;"Powiat polkowicki";"as of the end of December";"females";"2024";881;"person";"";
0216000;"Powiat polkowicki";"as of the end of December";"males";"2024";595;"person";"";
0216000;"Powiat polkowicki";"as of the end of December";"below 25 years";"2024";246;"person";"";
0216000;"Powiat polkowicki";"as of the end of December";"below 30 years";"2024";414;"person";"";
0216000;"Powiat polkowicki";"as of the end of December";"over 50 years";"2024";377;"person";"";
0216000;"Powiat polkowicki";"as of the end of December";"long-term unemployed";"2024";745;"person";"";
0217000;"Powiat strzeliński";"as of the end of December";"total";"2024";1382;"person";"";
0217000;"Powiat strzeliński";"as of the end of December";"females";"2024";683;"person";"";
0217000;"Powiat strzeliński";"as of the end of December";"males";"2024";699;"person";"";
0217000;"Powiat strzeliński";"as of the end of December";"below 25 years";"2024";160;"person";"";
0217000;"Powiat strzeliński";"as of the end of December";"below 30 years";"2024";296;"person";"";
0217000;"Powiat strzeliński";"as of the end of December";"over 50 years";"2024";417;"person";"";
0217000;"Powiat strzeliński";"as of the end of December";"long-term unemployed";"2024";791;"person";"";
0218000;"Powiat średzki";"as of the end of December";"total";"2024";1151;"person";"";
0218000;"Powiat średzki";"as of the end of December";"females";"2024";549;"person";"";
0218000;"Powiat średzki";"as of the end of December";"males";"2024";602;"person";"";
0218000;"Powiat średzki";"as of the end of December";"below 25 years";"2024";122;"person";"";
0218000;"Powiat średzki";"as of the end of December";"below 30 years";"2024";243;"person";"";
0218000;"Powiat średzki";"as of the end of December";"over 50 years";"2024";359;"person";"";
0218000;"Powiat średzki";"as of the end of December";"long-term unemployed";"2024";527;"person";"";
0219000;"Powiat świdnicki";"as of the end of December";"total";"2024";3525;"person";"";
0219000;"Powiat świdnicki";"as of the end of December";"females";"2024";1787;"person";"";
0219000;"Powiat świdnicki";"as of the end of December";"males";"2024";1738;"person";"";
0219000;"Powiat świdnicki";"as of the end of December";"below 25 years";"2024";393;"person";"";
0219000;"Powiat świdnicki";"as of the end of December";"below 30 years";"2024";713;"person";"";
0219000;"Powiat świdnicki";"as of the end of December";"over 50 years";"2024";1047;"person";"";
0219000;"Powiat świdnicki";"as of the end of December";"long-term unemployed";"2024";1522;"person";"";
0220000;"Powiat trzebnicki";"as of the end of December";"total";"2024";1496;"person";"";
0220000;"Powiat trzebnicki";"as of the end of December";"females";"2024";822;"person";"";
0220000;"Powiat trzebnicki";"as of the end of December";"males";"2024";674;"person";"";
0220000;"Powiat trzebnicki";"as of the end of December";"below 25 years";"2024";205;"person";"";
0220000;"Powiat trzebnicki";"as of the end of December";"below 30 years";"2024";375;"person";"";
0220000;"Powiat trzebnicki";"as of the end of December";"over 50 years";"2024";405;"person";"";
0220000;"Powiat trzebnicki";"as of the end of December";"long-term unemployed";"2024";717;"person";"";
0221000;"Powiat wałbrzyski";"as of the end of December";"total";"2024";1402;"person";"";
0221000;"Powiat wałbrzyski";"as of the end of December";"females";"2024";742;"person";"";
0221000;"Powiat wałbrzyski";"as of the end of December";"males";"2024";660;"person";"";
0221000;"Powiat wałbrzyski";"as of the end of December";"below 25 years";"2024";134;"person";"";
0221000;"Powiat wałbrzyski";"as of the end of December";"below 30 years";"2024";266;"person";"";
0221000;"Powiat wałbrzyski";"as of the end of December";"over 50 years";"2024";412;"person";"";
0221000;"Powiat wałbrzyski";"as of the end of December";"long-term unemployed";"2024";661;"person";"";
0222000;"Powiat wołowski";"as of the end of December";"total";"2024";1634;"person";"";
0222000;"Powiat wołowski";"as of the end of December";"females";"2024";852;"person";"";
0222000;"Powiat wołowski";"as of the end of December";"males";"2024";782;"person";"";
0222000;"Powiat wołowski";"as of the end of December";"below 25 years";"2024";185;"person";"";
0222000;"Powiat wołowski";"as of the end of December";"below 30 years";"2024";356;"person";"";
0222000;"Powiat wołowski";"as of the end of December";"over 50 years";"2024";447;"person";"";
0222000;"Powiat wołowski";"as of the end of December";"long-term unemployed";"2024";979;"person";"";
0223000;"Powiat wrocławski";"as of the end of December";"total";"2024";1353;"person";"";
0223000;"Powiat wrocławski";"as of the end of December";"females";"2024";719;"person";"";
0223000;"Powiat wrocławski";"as of the end of December";"males";"2024";634;"person";"";
0223000;"Powiat wrocławski";"as of the end of December";"below 25 years";"2024";102;"person";"";
0223000;"Powiat wrocławski";"as of the end of December";"below 30 years";"2024";244;"person";"";
0223000;"Powiat wrocławski";"as of the end of December";"over 50 years";"2024";415;"person";"";
0223000;"Powiat wrocławski";"as of the end of December";"long-term unemployed";"2024";476;"person";"";
0224000;"Powiat ząbkowicki";"as of the end of December";"total";"2024";1995;"person";"";
0224000;"Powiat ząbkowicki";"as of the end of December";"females";"2024";978;"person";"";
0224000;"Powiat ząbkowicki";"as of the end of December";"males";"2024";1017;"person";"";
0224000;"Powiat ząbkowicki";"as of the end of December";"below 25 years";"2024";227;"person";"";
0224000;"Powiat ząbkowicki";"as of the end of December";"below 30 years";"2024";428;"person";"";
0224000;"Powiat ząbkowicki";"as of the end of December";"over 50 years";"2024";592;"person";"";
0224000;"Powiat ząbkowicki";"as of the end of December";"long-term unemployed";"2024";877;"person";"";
0225000;"Powiat zgorzelecki";"as of the end of December";"total";"2024";1378;"person";"";
0225000;"Powiat zgorzelecki";"as of the end of December";"females";"2024";720;"person";"";
0225000;"Powiat zgorzelecki";"as of the end of December";"males";"2024";658;"person";"";
0225000;"Powiat zgorzelecki";"as of the end of December";"below 25 years";"2024";168;"person";"";
0225000;"Powiat zgorzelecki";"as of the end of December";"below 30 years";"2024";286;"person";"";
0225000;"Powiat zgorzelecki";"as of the end of December";"over 50 years";"2024";431;"person";"";
0225000;"Powiat zgorzelecki";"as of the end of December";"long-term unemployed";"2024";699;"person";"";
0226000;"Powiat złotoryjski";"as of the end of December";"total";"2024";1724;"person";"";
0226000;"Powiat złotoryjski";"as of the end of December";"females";"2024";884;"person";"";
0226000;"Powiat złotoryjski";"as of the end of December";"males";"2024";840;"person";"";
0226000;"Powiat złotoryjski";"as of the end of December";"below 25 years";"2024";191;"person";"";
0226000;"Powiat złotoryjski";"as of the end of December";"below 30 years";"2024";356;"person";"";
0226000;"Powiat złotoryjski";"as of the end of December";"over 50 years";"2024";448;"person";"";
0226000;"Powiat złotoryjski";"as of the end of December";"long-term unemployed";"2024";911;"person";"";
0261000;"City with powiat status Jelenia Góra";"as of the end of December";"total";"2024";1277;"person";"";
0261000;"City with powiat status Jelenia Góra";"as of the end of December";"females";"2024";599;"person";"";
0261000;"City with powiat status Jelenia Góra";"as of the end of December";"males";"2024";678;"person";"";
0261000;"City with powiat status Jelenia Góra";"as of the end of December";"below 25 years";"2024";95;"person";"";
0261000;"City with powiat status Jelenia Góra";"as of the end of December";"below 30 years";"2024";220;"person";"";
0261000;"City with powiat status Jelenia Góra";"as of the end of December";"over 50 years";"2024";412;"person";"";
0261000;"City with powiat status Jelenia Góra";"as of the end of December";"long-term unemployed";"2024";549;"person";"";
0262000;"City with powiat status Legnica";"as of the end of December";"total";"2024";2057;"person";"";
0262000;"City with powiat status Legnica";"as of the end of December";"females";"2024";1077;"person";"";
0262000;"City with powiat status Legnica";"as of the end of December";"males";"2024";980;"person";"";
0262000;"City with powiat status Legnica";"as of the end of December";"below 25 years";"2024";181;"person";"";
0262000;"City with powiat status Legnica";"as of the end of December";"below 30 years";"2024";383;"person";"";
0262000;"City with powiat status Legnica";"as of the end of December";"over 50 years";"2024";601;"person";"";
0262000;"City with powiat status Legnica";"as of the end of December";"long-term unemployed";"2024";931;"person";"";
0264000;"City with powiat status Wrocław";"as of the end of December";"total";"2024";6691;"person";"";
0264000;"City with powiat status Wrocław";"as of the end of December";"females";"2024";3232;"person";"";
0264000;"City with powiat status Wrocław";"as of the end of December";"males";"2024";3459;"person";"";
0264000;"City with powiat status Wrocław";"as of the end of December";"below 25 years";"2024";342;"person";"";
0264000;"City with powiat status Wrocław";"as of the end of December";"below 30 years";"2024";1032;"person";"";
0264000;"City with powiat status Wrocław";"as of the end of December";"over 50 years";"2024";2130;"person";"";
0264000;"City with powiat status Wrocław";"as of the end of December";"long-term unemployed";"2024";2620;"person";"";
0265000;"City with powiat status Wałbrzych since 2013";"as of the end of December";"total";"2024";1903;"person";"";
0265000;"City with powiat status Wałbrzych since 2013";"as of the end of December";"females";"2024";987;"person";"";
0265000;"City with powiat status Wałbrzych since 2013";"as of the end of December";"males";"2024";916;"person";"";
0265000;"City with powiat status Wałbrzych since 2013";"as of the end of December";"below 25 years";"2024";190;"person";"";
0265000;"City with powiat status Wałbrzych since 2013";"as of the end of December";"below 30 years";"2024";345;"person";"";
0265000;"City with powiat status Wałbrzych since 2013";"as of the end of December";"over 50 years";"2024";548;"person";"";
0265000;"City with powiat status Wałbrzych since 2013";"as of the end of December";"long-term unemployed";"2024";636;"person";"";
0400000;"KUJAWSKO-POMORSKIE";"as of the end of December";"total";"2024";55333;"person";"";
0400000;"KUJAWSKO-POMORSKIE";"as of the end of December";"females";"2024";31116;"person";"";
0400000;"KUJAWSKO-POMORSKIE";"as of the end of December";"males";"2024";24217;"person";"";
0400000;"KUJAWSKO-POMORSKIE";"as of the end of December";"below 25 years";"2024";7860;"person";"";
0400000;"KUJAWSKO-POMORSKIE";"as of the end of December";"below 30 years";"2024";14129;"person";"";
0400000;"KUJAWSKO-POMORSKIE";"as of the end of December";"over 50 years";"2024";13738;"person";"";
0400000;"KUJAWSKO-POMORSKIE";"as of the end of December";"long-term unemployed";"2024";28983;"person";"";
0401000;"Powiat aleksandrowski";"as of the end of December";"total";"2024";1806;"person";"";
0401000;"Powiat aleksandrowski";"as of the end of December";"females";"2024";904;"person";"";
0401000;"Powiat aleksandrowski";"as of the end of December";"males";"2024";902;"person";"";
0401000;"Powiat aleksandrowski";"as of the end of December";"below 25 years";"2024";247;"person";"";
0401000;"Powiat aleksandrowski";"as of the end of December";"below 30 years";"2024";455;"person";"";
0401000;"Powiat aleksandrowski";"as of the end of December";"over 50 years";"2024";472;"person";"";
0401000;"Powiat aleksandrowski";"as of the end of December";"long-term unemployed";"2024";953;"person";"";
0402000;"Powiat brodnicki";"as of the end of December";"total";"2024";1908;"person";"";
0402000;"Powiat brodnicki";"as of the end of December";"females";"2024";1124;"person";"";
0402000;"Powiat brodnicki";"as of the end of December";"males";"2024";784;"person";"";
0402000;"Powiat brodnicki";"as of the end of December";"below 25 years";"2024";378;"person";"";
0402000;"Powiat brodnicki";"as of the end of December";"below 30 years";"2024";594;"person";"";
0402000;"Powiat brodnicki";"as of the end of December";"over 50 years";"2024";389;"person";"";
0402000;"Powiat brodnicki";"as of the end of December";"long-term unemployed";"2024";765;"person";"";
0403000;"Powiat bydgoski";"as of the end of December";"total";"2024";1404;"person";"";
0403000;"Powiat bydgoski";"as of the end of December";"females";"2024";778;"person";"";
0403000;"Powiat bydgoski";"as of the end of December";"males";"2024";626;"person";"";
0403000;"Powiat bydgoski";"as of the end of December";"below 25 years";"2024";208;"person";"";
0403000;"Powiat bydgoski";"as of the end of December";"below 30 years";"2024";396;"person";"";
0403000;"Powiat bydgoski";"as of the end of December";"over 50 years";"2024";345;"person";"";
0403000;"Powiat bydgoski";"as of the end of December";"long-term unemployed";"2024";467;"person";"";
0404000;"Powiat chełmiński";"as of the end of December";"total";"2024";1990;"person";"";
0404000;"Powiat chełmiński";"as of the end of December";"females";"2024";1082;"person";"";
0404000;"Powiat chełmiński";"as of the end of December";"males";"2024";908;"person";"";
0404000;"Powiat chełmiński";"as of the end of December";"below 25 years";"2024";307;"person";"";
0404000;"Powiat chełmiński";"as of the end of December";"below 30 years";"2024";532;"person";"";
0404000;"Powiat chełmiński";"as of the end of December";"over 50 years";"2024";458;"person";"";
0404000;"Powiat chełmiński";"as of the end of December";"long-term unemployed";"2024";1090;"person";"";
0405000;"Powiat golubsko-dobrzyński";"as of the end of December";"total";"2024";1814;"person";"";
0405000;"Powiat golubsko-dobrzyński";"as of the end of December";"females";"2024";1103;"person";"";
0405000;"Powiat golubsko-dobrzyński";"as of the end of December";"males";"2024";711;"person";"";
0405000;"Powiat golubsko-dobrzyński";"as of the end of December";"below 25 years";"2024";326;"person";"";
0405000;"Powiat golubsko-dobrzyński";"as of the end of December";"below 30 years";"2024";548;"person";"";
0405000;"Powiat golubsko-dobrzyński";"as of the end of December";"over 50 years";"2024";395;"person";"";
0405000;"Powiat golubsko-dobrzyński";"as of the end of December";"long-term unemployed";"2024";1097;"person";"";
0406000;"Powiat grudziądzki";"as of the end of December";"total";"2024";1570;"person";"";
0406000;"Powiat grudziądzki";"as of the end of December";"females";"2024";897;"person";"";
0406000;"Powiat grudziądzki";"as of the end of December";"males";"2024";673;"person";"";
0406000;"Powiat grudziądzki";"as of the end of December";"below 25 years";"2024";276;"person";"";
0406000;"Powiat grudziądzki";"as of the end of December";"below 30 years";"2024";445;"person";"";
0406000;"Powiat grudziądzki";"as of the end of December";"over 50 years";"2024";378;"person";"";
0406000;"Powiat grudziądzki";"as of the end of December";"long-term unemployed";"2024";882;"person";"";
0407000;"Powiat inowrocławski";"as of the end of December";"total";"2024";5875;"person";"";
0407000;"Powiat inowrocławski";"as of the end of December";"females";"2024";3305;"person";"";
0407000;"Powiat inowrocławski";"as of the end of December";"males";"2024";2570;"person";"";
0407000;"Powiat inowrocławski";"as of the end of December";"below 25 years";"2024";755;"person";"";
0407000;"Powiat inowrocławski";"as of the end of December";"below 30 years";"2024";1393;"person";"";
0407000;"Powiat inowrocławski";"as of the end of December";"over 50 years";"2024";1414;"person";"";
0407000;"Powiat inowrocławski";"as of the end of December";"long-term unemployed";"2024";3159;"person";"";
0408000;"Powiat lipnowski";"as of the end of December";"total";"2024";2604;"person";"";
0408000;"Powiat lipnowski";"as of the end of December";"females";"2024";1555;"person";"";
0408000;"Powiat lipnowski";"as of the end of December";"males";"2024";1049;"person";"";
0408000;"Powiat lipnowski";"as of the end of December";"below 25 years";"2024";481;"person";"";
0408000;"Powiat lipnowski";"as of the end of December";"below 30 years";"2024";798;"person";"";
0408000;"Powiat lipnowski";"as of the end of December";"over 50 years";"2024";528;"person";"";
0408000;"Powiat lipnowski";"as of the end of December";"long-term unemployed";"2024";1401;"person";"";
0409000;"Powiat mogileński";"as of the end of December";"total";"2024";1512;"person";"";
0409000;"Powiat mogileński";"as of the end of December";"females";"2024";940;"person";"";
0409000;"Powiat mogileński";"as of the end of December";"males";"2024";572;"person";"";
0409000;"Powiat mogileński";"as of the end of December";"below 25 years";"2024";270;"person";"";
0409000;"Powiat mogileński";"as of the end of December";"below 30 years";"2024";460;"person";"";
0409000;"Powiat mogileński";"as of the end of December";"over 50 years";"2024";312;"person";"";
0409000;"Powiat mogileński";"as of the end of December";"long-term unemployed";"2024";810;"person";"";
0410000;"Powiat nakielski";"as of the end of December";"total";"2024";2712;"person";"";
0410000;"Powiat nakielski";"as of the end of December";"females";"2024";1574;"person";"";
0410000;"Powiat nakielski";"as of the end of December";"males";"2024";1138;"person";"";
0410000;"Powiat nakielski";"as of the end of December";"below 25 years";"2024";391;"person";"";
0410000;"Powiat nakielski";"as of the end of December";"below 30 years";"2024";706;"person";"";
0410000;"Powiat nakielski";"as of the end of December";"over 50 years";"2024";685;"person";"";
0410000;"Powiat nakielski";"as of the end of December";"long-term unemployed";"2024";1356;"person";"";
0411000;"Powiat radziejowski";"as of the end of December";"total";"2024";2028;"person";"";
0411000;"Powiat radziejowski";"as of the end of December";"females";"2024";1141;"person";"";
0411000;"Powiat radziejowski";"as of the end of December";"males";"2024";887;"person";"";
0411000;"Powiat radziejowski";"as of the end of December";"below 25 years";"2024";272;"person";"";
0411000;"Powiat radziejowski";"as of the end of December";"below 30 years";"2024";513;"person";"";
0411000;"Powiat radziejowski";"as of the end of December";"over 50 years";"2024";529;"person";"";
0411000;"Powiat radziejowski";"as of the end of December";"long-term unemployed";"2024";1335;"person";"";
0412000;"Powiat rypiński";"as of the end of December";"total";"2024";1465;"person";"";
0412000;"Powiat rypiński";"as of the end of December";"females";"2024";935;"person";"";
0412000;"Powiat rypiński";"as of the end of December";"males";"2024";530;"person";"";
0412000;"Powiat rypiński";"as of the end of December";"below 25 years";"2024";263;"person";"";
0412000;"Powiat rypiński";"as of the end of December";"below 30 years";"2024";426;"person";"";
0412000;"Powiat rypiński";"as of the end of December";"over 50 years";"2024";333;"person";"";
0412000;"Powiat rypiński";"as of the end of December";"long-term unemployed";"2024";734;"person";"";
0413000;"Powiat sępoleński";"as of the end of December";"total";"2024";1538;"person";"";
0413000;"Powiat sępoleński";"as of the end of December";"females";"2024";893;"person";"";
0413000;"Powiat sępoleński";"as of the end of December";"males";"2024";645;"person";"";
0413000;"Powiat sępoleński";"as of the end of December";"below 25 years";"2024";251;"person";"";
0413000;"Powiat sępoleński";"as of the end of December";"below 30 years";"2024";459;"person";"";
0413000;"Powiat sępoleński";"as of the end of December";"over 50 years";"2024";343;"person";"";
0413000;"Powiat sępoleński";"as of the end of December";"long-term unemployed";"2024";916;"person";"";
0414000;"Powiat świecki";"as of the end of December";"total";"2024";2128;"person";"";
0414000;"Powiat świecki";"as of the end of December";"females";"2024";1270;"person";"";
0414000;"Powiat świecki";"as of the end of December";"males";"2024";858;"person";"";
0414000;"Powiat świecki";"as of the end of December";"below 25 years";"2024";353;"person";"";
0414000;"Powiat świecki";"as of the end of December";"below 30 years";"2024";598;"person";"";
0414000;"Powiat świecki";"as of the end of December";"over 50 years";"2024";561;"person";"";
0414000;"Powiat świecki";"as of the end of December";"long-term unemployed";"2024";1081;"person";"";
0415000;"Powiat toruński";"as of the end of December";"total";"2024";2838;"person";"";
0415000;"Powiat toruński";"as of the end of December";"females";"2024";1618;"person";"";
0415000;"Powiat toruński";"as of the end of December";"males";"2024";1220;"person";"";
0415000;"Powiat toruński";"as of the end of December";"below 25 years";"2024";397;"person";"";
0415000;"Powiat toruński";"as of the end of December";"below 30 years";"2024";791;"person";"";
0415000;"Powiat toruński";"as of the end of December";"over 50 years";"2024";584;"person";"";
0415000;"Powiat toruński";"as of the end of December";"long-term unemployed";"2024";1249;"person";"";
0416000;"Powiat tucholski";"as of the end of December";"total";"2024";1750;"person";"";
0416000;"Powiat tucholski";"as of the end of December";"females";"2024";938;"person";"";
0416000;"Powiat tucholski";"as of the end of December";"males";"2024";812;"person";"";
0416000;"Powiat tucholski";"as of the end of December";"below 25 years";"2024";322;"person";"";
0416000;"Powiat tucholski";"as of the end of December";"below 30 years";"2024";546;"person";"";
0416000;"Powiat tucholski";"as of the end of December";"over 50 years";"2024";368;"person";"";
0416000;"Powiat tucholski";"as of the end of December";"long-term unemployed";"2024";965;"person";"";
0417000;"Powiat wąbrzeski";"as of the end of December";"total";"2024";1239;"person";"";
0417000;"Powiat wąbrzeski";"as of the end of December";"females";"2024";755;"person";"";
0417000;"Powiat wąbrzeski";"as of the end of December";"males";"2024";484;"person";"";
0417000;"Powiat wąbrzeski";"as of the end of December";"below 25 years";"2024";197;"person";"";
0417000;"Powiat wąbrzeski";"as of the end of December";"below 30 years";"2024";351;"person";"";
0417000;"Powiat wąbrzeski";"as of the end of December";"over 50 years";"2024";315;"person";"";
0417000;"Powiat wąbrzeski";"as of the end of December";"long-term unemployed";"2024";755;"person";"";
0418000;"Powiat włocławski";"as of the end of December";"total";"2024";3913;"person";"";
0418000;"Powiat włocławski";"as of the end of December";"females";"2024";2183;"person";"";
0418000;"Powiat włocławski";"as of the end of December";"males";"2024";1730;"person";"";
0418000;"Powiat włocławski";"as of the end of December";"below 25 years";"2024";519;"person";"";
0418000;"Powiat włocławski";"as of the end of December";"below 30 years";"2024";911;"person";"";
0418000;"Powiat włocławski";"as of the end of December";"over 50 years";"2024";1084;"person";"";
0418000;"Powiat włocławski";"as of the end of December";"long-term unemployed";"2024";2730;"person";"";
0419000;"Powiat żniński";"as of the end of December";"total";"2024";2048;"person";"";
0419000;"Powiat żniński";"as of the end of December";"females";"2024";1236;"person";"";
0419000;"Powiat żniński";"as of the end of December";"males";"2024";812;"person";"";
0419000;"Powiat żniński";"as of the end of December";"below 25 years";"2024";360;"person";"";
0419000;"Powiat żniński";"as of the end of December";"below 30 years";"2024";593;"person";"";
0419000;"Powiat żniński";"as of the end of December";"over 50 years";"2024";486;"person";"";
0419000;"Powiat żniński";"as of the end of December";"long-term unemployed";"2024";1035;"person";"";
0461000;"City with powiat status Bydgoszcz";"as of the end of December";"total";"2024";3613;"person";"";
0461000;"City with powiat status Bydgoszcz";"as of the end of December";"females";"2024";1796;"person";"";
0461000;"City with powiat status Bydgoszcz";"as of the end of December";"males";"2024";1817;"person";"";
0461000;"City with powiat status Bydgoszcz";"as of the end of December";"below 25 years";"2024";312;"person";"";
0461000;"City with powiat status Bydgoszcz";"as of the end of December";"below 30 years";"2024";688;"person";"";
0461000;"City with powiat status Bydgoszcz";"as of the end of December";"over 50 years";"2024";1079;"person";"";
0461000;"City with powiat status Bydgoszcz";"as of the end of December";"long-term unemployed";"2024";1167;"person";"";
0462000;"City with powiat status Grudziądz";"as of the end of December";"total";"2024";3015;"person";"";
0462000;"City with powiat status Grudziądz";"as of the end of December";"females";"2024";1647;"person";"";
0462000;"City with powiat status Grudziądz";"as of the end of December";"males";"2024";1368;"person";"";
0462000;"City with powiat status Grudziądz";"as of the end of December";"below 25 years";"2024";400;"person";"";
0462000;"City with powiat status Grudziądz";"as of the end of December";"below 30 years";"2024";715;"person";"";
0462000;"City with powiat status Grudziądz";"as of the end of December";"over 50 years";"2024";755;"person";"";
0462000;"City with powiat status Grudziądz";"as of the end of December";"long-term unemployed";"2024";1546;"person";"";
0463000;"City with powiat status Toruń";"as of the end of December";"total";"2024";2938;"person";"";
0463000;"City with powiat status Toruń";"as of the end of December";"females";"2024";1471;"person";"";
0463000;"City with powiat status Toruń";"as of the end of December";"males";"2024";1467;"person";"";
0463000;"City with powiat status Toruń";"as of the end of December";"below 25 years";"2024";289;"person";"";
0463000;"City with powiat status Toruń";"as of the end of December";"below 30 years";"2024";591;"person";"";
0463000;"City with powiat status Toruń";"as of the end of December";"over 50 years";"2024";807;"person";"";
0463000;"City with powiat status Toruń";"as of the end of December";"long-term unemployed";"2024";1205;"person";"";
0464000;"City with powiat status Włocławek";"as of the end of December";"total";"2024";3625;"person";"";
0464000;"City with powiat status Włocławek";"as of the end of December";"females";"2024";1971;"person";"";
0464000;"City with powiat status Włocławek";"as of the end of December";"males";"2024";1654;"person";"";
0464000;"City with powiat status Włocławek";"as of the end of December";"below 25 years";"2024";286;"person";"";
0464000;"City with powiat status Włocławek";"as of the end of December";"below 30 years";"2024";620;"person";"";
0464000;"City with powiat status Włocławek";"as of the end of December";"over 50 years";"2024";1118;"person";"";
0464000;"City with powiat status Włocławek";"as of the end of December";"long-term unemployed";"2024";2285;"person";"";
0600000;"LUBELSKIE";"as of the end of December";"total";"2024";55774;"person";"";
0600000;"LUBELSKIE";"as of the end of December";"females";"2024";27135;"person";"";
0600000;"LUBELSKIE";"as of the end of December";"males";"2024";28639;"person";"";
0600000;"LUBELSKIE";"as of the end of December";"below 25 years";"2024";8528;"person";"";
0600000;"LUBELSKIE";"as of the end of December";"below 30 years";"2024";15433;"person";"";
0600000;"LUBELSKIE";"as of the end of December";"over 50 years";"2024";13128;"person";"";
0600000;"LUBELSKIE";"as of the end of December";"long-term unemployed";"2024";30268;"person";"";
0601000;"Powiat bialski";"as of the end of December";"total";"2024";3490;"person";"";
0601000;"Powiat bialski";"as of the end of December";"females";"2024";1668;"person";"";
0601000;"Powiat bialski";"as of the end of December";"males";"2024";1822;"person";"";
0601000;"Powiat bialski";"as of the end of December";"below 25 years";"2024";532;"person";"";
0601000;"Powiat bialski";"as of the end of December";"below 30 years";"2024";992;"person";"";
0601000;"Powiat bialski";"as of the end of December";"over 50 years";"2024";830;"person";"";
0601000;"Powiat bialski";"as of the end of December";"long-term unemployed";"2024";1905;"person";"";
0602000;"Powiat biłgorajski";"as of the end of December";"total";"2024";2018;"person";"";
0602000;"Powiat biłgorajski";"as of the end of December";"females";"2024";999;"person";"";
0602000;"Powiat biłgorajski";"as of the end of December";"males";"2024";1019;"person";"";
0602000;"Powiat biłgorajski";"as of the end of December";"below 25 years";"2024";412;"person";"";
0602000;"Powiat biłgorajski";"as of the end of December";"below 30 years";"2024";696;"person";"";
0602000;"Powiat biłgorajski";"as of the end of December";"over 50 years";"2024";411;"person";"";
0602000;"Powiat biłgorajski";"as of the end of December";"long-term unemployed";"2024";850;"person";"";
0603000;"Powiat chełmski";"as of the end of December";"total";"2024";2502;"person";"";
0603000;"Powiat chełmski";"as of the end of December";"females";"2024";1369;"person";"";
0603000;"Powiat chełmski";"as of the end of December";"males";"2024";1133;"person";"";
0603000;"Powiat chełmski";"as of the end of December";"below 25 years";"2024";396;"person";"";
0603000;"Powiat chełmski";"as of the end of December";"below 30 years";"2024";678;"person";"";
0603000;"Powiat chełmski";"as of the end of December";"over 50 years";"2024";641;"person";"";
0603000;"Powiat chełmski";"as of the end of December";"long-term unemployed";"2024";1244;"person";"";
0604000;"Powiat hrubieszowski";"as of the end of December";"total";"2024";2854;"person";"";
0604000;"Powiat hrubieszowski";"as of the end of December";"females";"2024";1387;"person";"";
0604000;"Powiat hrubieszowski";"as of the end of December";"males";"2024";1467;"person";"";
0604000;"Powiat hrubieszowski";"as of the end of December";"below 25 years";"2024";493;"person";"";
0604000;"Powiat hrubieszowski";"as of the end of December";"below 30 years";"2024";837;"person";"";
0604000;"Powiat hrubieszowski";"as of the end of December";"over 50 years";"2024";673;"person";"";
0604000;"Powiat hrubieszowski";"as of the end of December";"long-term unemployed";"2024";1827;"person";"";
0605000;"Powiat janowski";"as of the end of December";"total";"2024";1752;"person";"";
0605000;"Powiat janowski";"as of the end of December";"females";"2024";783;"person";"";
0605000;"Powiat janowski";"as of the end of December";"males";"2024";969;"person";"";
0605000;"Powiat janowski";"as of the end of December";"below 25 years";"2024";333;"person";"";
0605000;"Powiat janowski";"as of the end of December";"below 30 years";"2024";623;"person";"";
0605000;"Powiat janowski";"as of the end of December";"over 50 years";"2024";353;"person";"";
0605000;"Powiat janowski";"as of the end of December";"long-term unemployed";"2024";1109;"person";"";
0606000;"Powiat krasnostawski";"as of the end of December";"total";"2024";2626;"person";"";
0606000;"Powiat krasnostawski";"as of the end of December";"females";"2024";1239;"person";"";
0606000;"Powiat krasnostawski";"as of the end of December";"males";"2024";1387;"person";"";
0606000;"Powiat krasnostawski";"as of the end of December";"below 25 years";"2024";440;"person";"";
0606000;"Powiat krasnostawski";"as of the end of December";"below 30 years";"2024";776;"person";"";
0606000;"Powiat krasnostawski";"as of the end of December";"over 50 years";"2024";589;"person";"";
0606000;"Powiat krasnostawski";"as of the end of December";"long-term unemployed";"2024";1716;"person";"";
0607000;"Powiat kraśnicki";"as of the end of December";"total";"2024";3062;"person";"";
0607000;"Powiat kraśnicki";"as of the end of December";"females";"2024";1447;"person";"";
0607000;"Powiat kraśnicki";"as of the end of December";"males";"2024";1615;"person";"";
0607000;"Powiat kraśnicki";"as of the end of December";"below 25 years";"2024";579;"person";"";
0607000;"Powiat kraśnicki";"as of the end of December";"below 30 years";"2024";973;"person";"";
0607000;"Powiat kraśnicki";"as of the end of December";"over 50 years";"2024";584;"person";"";
0607000;"Powiat kraśnicki";"as of the end of December";"long-term unemployed";"2024";1845;"person";"";
0608000;"Powiat lubartowski";"as of the end of December";"total";"2024";3253;"person";"";
0608000;"Powiat lubartowski";"as of the end of December";"females";"2024";1566;"person";"";
0608000;"Powiat lubartowski";"as of the end of December";"males";"2024";1687;"person";"";
0608000;"Powiat lubartowski";"as of the end of December";"below 25 years";"2024";527;"person";"";
0608000;"Powiat lubartowski";"as of the end of December";"below 30 years";"2024";897;"person";"";
0608000;"Powiat lubartowski";"as of the end of December";"over 50 years";"2024";748;"person";"";
0608000;"Powiat lubartowski";"as of the end of December";"long-term unemployed";"2024";2025;"person";"";
0609000;"Powiat lubelski";"as of the end of December";"total";"2024";2529;"person";"";
0609000;"Powiat lubelski";"as of the end of December";"females";"2024";1199;"person";"";
0609000;"Powiat lubelski";"as of the end of December";"males";"2024";1330;"person";"";
0609000;"Powiat lubelski";"as of the end of December";"below 25 years";"2024";472;"person";"";
0609000;"Powiat lubelski";"as of the end of December";"below 30 years";"2024";845;"person";"";
0609000;"Powiat lubelski";"as of the end of December";"over 50 years";"2024";487;"person";"";
0609000;"Powiat lubelski";"as of the end of December";"long-term unemployed";"2024";1110;"person";"";
0610000;"Powiat łęczyński";"as of the end of December";"total";"2024";1127;"person";"";
0610000;"Powiat łęczyński";"as of the end of December";"females";"2024";635;"person";"";
0610000;"Powiat łęczyński";"as of the end of December";"males";"2024";492;"person";"";
0610000;"Powiat łęczyński";"as of the end of December";"below 25 years";"2024";220;"person";"";
0610000;"Powiat łęczyński";"as of the end of December";"below 30 years";"2024";356;"person";"";
0610000;"Powiat łęczyński";"as of the end of December";"over 50 years";"2024";205;"person";"";
0610000;"Powiat łęczyński";"as of the end of December";"long-term unemployed";"2024";504;"person";"";
0611000;"Powiat łukowski";"as of the end of December";"total";"2024";1577;"person";"";
0611000;"Powiat łukowski";"as of the end of December";"females";"2024";877;"person";"";
0611000;"Powiat łukowski";"as of the end of December";"males";"2024";700;"person";"";
0611000;"Powiat łukowski";"as of the end of December";"below 25 years";"2024";348;"person";"";
0611000;"Powiat łukowski";"as of the end of December";"below 30 years";"2024";565;"person";"";
0611000;"Powiat łukowski";"as of the end of December";"over 50 years";"2024";322;"person";"";
0611000;"Powiat łukowski";"as of the end of December";"long-term unemployed";"2024";641;"person";"";
0612000;"Powiat opolski";"as of the end of December";"total";"2024";1892;"person";"";
0612000;"Powiat opolski";"as of the end of December";"females";"2024";902;"person";"";
0612000;"Powiat opolski";"as of the end of December";"males";"2024";990;"person";"";
0612000;"Powiat opolski";"as of the end of December";"below 25 years";"2024";315;"person";"";
0612000;"Powiat opolski";"as of the end of December";"below 30 years";"2024";583;"person";"";
0612000;"Powiat opolski";"as of the end of December";"over 50 years";"2024";395;"person";"";
0612000;"Powiat opolski";"as of the end of December";"long-term unemployed";"2024";1113;"person";"";
0613000;"Powiat parczewski";"as of the end of December";"total";"2024";952;"person";"";
0613000;"Powiat parczewski";"as of the end of December";"females";"2024";508;"person";"";
0613000;"Powiat parczewski";"as of the end of December";"males";"2024";444;"person";"";
0613000;"Powiat parczewski";"as of the end of December";"below 25 years";"2024";149;"person";"";
0613000;"Powiat parczewski";"as of the end of December";"below 30 years";"2024";247;"person";"";
0613000;"Powiat parczewski";"as of the end of December";"over 50 years";"2024";252;"person";"";
0613000;"Powiat parczewski";"as of the end of December";"long-term unemployed";"2024";547;"person";"";
0614000;"Powiat puławski";"as of the end of December";"total";"2024";2161;"person";"";
0614000;"Powiat puławski";"as of the end of December";"females";"2024";1069;"person";"";
0614000;"Powiat puławski";"as of the end of December";"males";"2024";1092;"person";"";
0614000;"Powiat puławski";"as of the end of December";"below 25 years";"2024";284;"person";"";
0614000;"Powiat puławski";"as of the end of December";"below 30 years";"2024";536;"person";"";
0614000;"Powiat puławski";"as of the end of December";"over 50 years";"2024";584;"person";"";
0614000;"Powiat puławski";"as of the end of December";"long-term unemployed";"2024";973;"person";"";
0615000;"Powiat radzyński";"as of the end of December";"total";"2024";1387;"person";"";
0615000;"Powiat radzyński";"as of the end of December";"females";"2024";687;"person";"";
0615000;"Powiat radzyński";"as of the end of December";"males";"2024";700;"person";"";
0615000;"Powiat radzyński";"as of the end of December";"below 25 years";"2024";285;"person";"";
0615000;"Powiat radzyński";"as of the end of December";"below 30 years";"2024";456;"person";"";
0615000;"Powiat radzyński";"as of the end of December";"over 50 years";"2024";296;"person";"";
0615000;"Powiat radzyński";"as of the end of December";"long-term unemployed";"2024";725;"person";"";
0616000;"Powiat rycki";"as of the end of December";"total";"2024";1138;"person";"";
0616000;"Powiat rycki";"as of the end of December";"females";"2024";558;"person";"";
0616000;"Powiat rycki";"as of the end of December";"males";"2024";580;"person";"";
0616000;"Powiat rycki";"as of the end of December";"below 25 years";"2024";216;"person";"";
0616000;"Powiat rycki";"as of the end of December";"below 30 years";"2024";346;"person";"";
0616000;"Powiat rycki";"as of the end of December";"over 50 years";"2024";278;"person";"";
0616000;"Powiat rycki";"as of the end of December";"long-term unemployed";"2024";592;"person";"";
0617000;"Powiat świdnicki";"as of the end of December";"total";"2024";1639;"person";"";
0617000;"Powiat świdnicki";"as of the end of December";"females";"2024";749;"person";"";
0617000;"Powiat świdnicki";"as of the end of December";"males";"2024";890;"person";"";
0617000;"Powiat świdnicki";"as of the end of December";"below 25 years";"2024";208;"person";"";
0617000;"Powiat świdnicki";"as of the end of December";"below 30 years";"2024";383;"person";"";
0617000;"Powiat świdnicki";"as of the end of December";"over 50 years";"2024";429;"person";"";
0617000;"Powiat świdnicki";"as of the end of December";"long-term unemployed";"2024";901;"person";"";
0618000;"Powiat tomaszowski";"as of the end of December";"total";"2024";2356;"person";"";
0618000;"Powiat tomaszowski";"as of the end of December";"females";"2024";1173;"person";"";
0618000;"Powiat tomaszowski";"as of the end of December";"males";"2024";1183;"person";"";
0618000;"Powiat tomaszowski";"as of the end of December";"below 25 years";"2024";412;"person";"";
0618000;"Powiat tomaszowski";"as of the end of December";"below 30 years";"2024";712;"person";"";
0618000;"Powiat tomaszowski";"as of the end of December";"over 50 years";"2024";552;"person";"";
0618000;"Powiat tomaszowski";"as of the end of December";"long-term unemployed";"2024";1263;"person";"";
0619000;"Powiat włodawski";"as of the end of December";"total";"2024";1691;"person";"";
0619000;"Powiat włodawski";"as of the end of December";"females";"2024";881;"person";"";
0619000;"Powiat włodawski";"as of the end of December";"males";"2024";810;"person";"";
0619000;"Powiat włodawski";"as of the end of December";"below 25 years";"2024";217;"person";"";
0619000;"Powiat włodawski";"as of the end of December";"below 30 years";"2024";409;"person";"";
0619000;"Powiat włodawski";"as of the end of December";"over 50 years";"2024";407;"person";"";
0619000;"Powiat włodawski";"as of the end of December";"long-term unemployed";"2024";1054;"person";"";
0620000;"Powiat zamojski";"as of the end of December";"total";"2024";3198;"person";"";
0620000;"Powiat zamojski";"as of the end of December";"females";"2024";1537;"person";"";
0620000;"Powiat zamojski";"as of the end of December";"males";"2024";1661;"person";"";
0620000;"Powiat zamojski";"as of the end of December";"below 25 years";"2024";593;"person";"";
0620000;"Powiat zamojski";"as of the end of December";"below 30 years";"2024";1040;"person";"";
0620000;"Powiat zamojski";"as of the end of December";"over 50 years";"2024";714;"person";"";
0620000;"Powiat zamojski";"as of the end of December";"long-term unemployed";"2024";1722;"person";"";
0661000;"City with powiat status Biała Podlaska";"as of the end of December";"total";"2024";1681;"person";"";
0661000;"City with powiat status Biała Podlaska";"as of the end of December";"females";"2024";773;"person";"";
0661000;"City with powiat status Biała Podlaska";"as of the end of December";"males";"2024";908;"person";"";
0661000;"City with powiat status Biała Podlaska";"as of the end of December";"below 25 years";"2024";169;"person";"";
0661000;"City with powiat status Biała Podlaska";"as of the end of December";"below 30 years";"2024";350;"person";"";
0661000;"City with powiat status Biała Podlaska";"as of the end of December";"over 50 years";"2024";421;"person";"";
0661000;"City with powiat status Biała Podlaska";"as of the end of December";"long-term unemployed";"2024";892;"person";"";
0662000;"City with powiat status Chełm";"as of the end of December";"total";"2024";1685;"person";"";
0662000;"City with powiat status Chełm";"as of the end of December";"females";"2024";876;"person";"";
0662000;"City with powiat status Chełm";"as of the end of December";"males";"2024";809;"person";"";
0662000;"City with powiat status Chełm";"as of the end of December";"below 25 years";"2024";176;"person";"";
0662000;"City with powiat status Chełm";"as of the end of December";"below 30 years";"2024";328;"person";"";
0662000;"City with powiat status Chełm";"as of the end of December";"over 50 years";"2024";447;"person";"";
0662000;"City with powiat status Chełm";"as of the end of December";"long-term unemployed";"2024";820;"person";"";
0663000;"City with powiat status Lublin";"as of the end of December";"total";"2024";7197;"person";"";
0663000;"City with powiat status Lublin";"as of the end of December";"females";"2024";3326;"person";"";
0663000;"City with powiat status Lublin";"as of the end of December";"males";"2024";3871;"person";"";
0663000;"City with powiat status Lublin";"as of the end of December";"below 25 years";"2024";575;"person";"";
0663000;"City with powiat status Lublin";"as of the end of December";"below 30 years";"2024";1438;"person";"";
0663000;"City with powiat status Lublin";"as of the end of December";"over 50 years";"2024";1949;"person";"";
0663000;"City with powiat status Lublin";"as of the end of December";"long-term unemployed";"2024";3751;"person";"";
0664000;"City with powiat status Zamość";"as of the end of December";"total";"2024";2007;"person";"";
0664000;"City with powiat status Zamość";"as of the end of December";"females";"2024";927;"person";"";
0664000;"City with powiat status Zamość";"as of the end of December";"males";"2024";1080;"person";"";
0664000;"City with powiat status Zamość";"as of the end of December";"below 25 years";"2024";177;"person";"";
0664000;"City with powiat status Zamość";"as of the end of December";"below 30 years";"2024";367;"person";"";
0664000;"City with powiat status Zamość";"as of the end of December";"over 50 years";"2024";561;"person";"";
0664000;"City with powiat status Zamość";"as of the end of December";"long-term unemployed";"2024";1139;"person";"";
0800000;"LUBUSKIE";"as of the end of December";"total";"2024";15926;"person";"";
0800000;"LUBUSKIE";"as of the end of December";"females";"2024";8480;"person";"";
0800000;"LUBUSKIE";"as of the end of December";"males";"2024";7446;"person";"";
0800000;"LUBUSKIE";"as of the end of December";"below 25 years";"2024";1932;"person";"";
0800000;"LUBUSKIE";"as of the end of December";"below 30 years";"2024";3585;"person";"";
0800000;"LUBUSKIE";"as of the end of December";"over 50 years";"2024";4522;"person";"";
0800000;"LUBUSKIE";"as of the end of December";"long-term unemployed";"2024";5955;"person";"";
0801000;"Powiat gorzowski";"as of the end of December";"total";"2024";888;"person";"";
0801000;"Powiat gorzowski";"as of the end of December";"females";"2024";481;"person";"";
0801000;"Powiat gorzowski";"as of the end of December";"males";"2024";407;"person";"";
0801000;"Powiat gorzowski";"as of the end of December";"below 25 years";"2024";136;"person";"";
0801000;"Powiat gorzowski";"as of the end of December";"below 30 years";"2024";240;"person";"";
0801000;"Powiat gorzowski";"as of the end of December";"over 50 years";"2024";233;"person";"";
0801000;"Powiat gorzowski";"as of the end of December";"long-term unemployed";"2024";269;"person";"";
0802000;"Powiat krośnieński";"as of the end of December";"total";"2024";881;"person";"";
0802000;"Powiat krośnieński";"as of the end of December";"females";"2024";498;"person";"";
0802000;"Powiat krośnieński";"as of the end of December";"males";"2024";383;"person";"";
0802000;"Powiat krośnieński";"as of the end of December";"below 25 years";"2024";118;"person";"";
0802000;"Powiat krośnieński";"as of the end of December";"below 30 years";"2024";209;"person";"";
0802000;"Powiat krośnieński";"as of the end of December";"over 50 years";"2024";237;"person";"";
0802000;"Powiat krośnieński";"as of the end of December";"long-term unemployed";"2024";330;"person";"";
0803000;"Powiat międzyrzecki";"as of the end of December";"total";"2024";1296;"person";"";
0803000;"Powiat międzyrzecki";"as of the end of December";"females";"2024";653;"person";"";
0803000;"Powiat międzyrzecki";"as of the end of December";"males";"2024";643;"person";"";
0803000;"Powiat międzyrzecki";"as of the end of December";"below 25 years";"2024";155;"person";"";
0803000;"Powiat międzyrzecki";"as of the end of December";"below 30 years";"2024";290;"person";"";
0803000;"Powiat międzyrzecki";"as of the end of December";"over 50 years";"2024";389;"person";"";
0803000;"Powiat międzyrzecki";"as of the end of December";"long-term unemployed";"2024";487;"person";"";
0804000;"Powiat nowosolski";"as of the end of December";"total";"2024";1587;"person";"";
0804000;"Powiat nowosolski";"as of the end of December";"females";"2024";868;"person";"";
0804000;"Powiat nowosolski";"as of the end of December";"males";"2024";719;"person";"";
0804000;"Powiat nowosolski";"as of the end of December";"below 25 years";"2024";211;"person";"";
0804000;"Powiat nowosolski";"as of the end of December";"below 30 years";"2024";384;"person";"";
0804000;"Powiat nowosolski";"as of the end of December";"over 50 years";"2024";441;"person";"";
0804000;"Powiat nowosolski";"as of the end of December";"long-term unemployed";"2024";632;"person";"";
0805000;"Powiat słubicki";"as of the end of December";"total";"2024";378;"person";"";
0805000;"Powiat słubicki";"as of the end of December";"females";"2024";201;"person";"";
0805000;"Powiat słubicki";"as of the end of December";"males";"2024";177;"person";"";
0805000;"Powiat słubicki";"as of the end of December";"below 25 years";"2024";40;"person";"";
0805000;"Powiat słubicki";"as of the end of December";"below 30 years";"2024";71;"person";"";
0805000;"Powiat słubicki";"as of the end of December";"over 50 years";"2024";148;"person";"";
0805000;"Powiat słubicki";"as of the end of December";"long-term unemployed";"2024";127;"person";"";
0806000;"Powiat strzelecko-drezdenecki";"as of the end of December";"total";"2024";1539;"person";"";
0806000;"Powiat strzelecko-drezdenecki";"as of the end of December";"females";"2024";824;"person";"";
0806000;"Powiat strzelecko-drezdenecki";"as of the end of December";"males";"2024";715;"person";"";
0806000;"Powiat strzelecko-drezdenecki";"as of the end of December";"below 25 years";"2024";223;"person";"";
0806000;"Powiat strzelecko-drezdenecki";"as of the end of December";"below 30 years";"2024";383;"person";"";
0806000;"Powiat strzelecko-drezdenecki";"as of the end of December";"over 50 years";"2024";480;"person";"";
0806000;"Powiat strzelecko-drezdenecki";"as of the end of December";"long-term unemployed";"2024";659;"person";"";
0807000;"Powiat sulęciński";"as of the end of December";"total";"2024";457;"person";"";
0807000;"Powiat sulęciński";"as of the end of December";"females";"2024";232;"person";"";
0807000;"Powiat sulęciński";"as of the end of December";"males";"2024";225;"person";"";
0807000;"Powiat sulęciński";"as of the end of December";"below 25 years";"2024";56;"person";"";
0807000;"Powiat sulęciński";"as of the end of December";"below 30 years";"2024";104;"person";"";
0807000;"Powiat sulęciński";"as of the end of December";"over 50 years";"2024";128;"person";"";
0807000;"Powiat sulęciński";"as of the end of December";"long-term unemployed";"2024";153;"person";"";
0808000;"Powiat świebodziński";"as of the end of December";"total";"2024";583;"person";"";
0808000;"Powiat świebodziński";"as of the end of December";"females";"2024";292;"person";"";
0808000;"Powiat świebodziński";"as of the end of December";"males";"2024";291;"person";"";
0808000;"Powiat świebodziński";"as of the end of December";"below 25 years";"2024";74;"person";"";
0808000;"Powiat świebodziński";"as of the end of December";"below 30 years";"2024";125;"person";"";
0808000;"Powiat świebodziński";"as of the end of December";"over 50 years";"2024";161;"person";"";
0808000;"Powiat świebodziński";"as of the end of December";"long-term unemployed";"2024";163;"person";"";
0809000;"Powiat zielonogórski";"as of the end of December";"total";"2024";1590;"person";"";
0809000;"Powiat zielonogórski";"as of the end of December";"females";"2024";823;"person";"";
0809000;"Powiat zielonogórski";"as of the end of December";"males";"2024";767;"person";"";
0809000;"Powiat zielonogórski";"as of the end of December";"below 25 years";"2024";177;"person";"";
0809000;"Powiat zielonogórski";"as of the end of December";"below 30 years";"2024";374;"person";"";
0809000;"Powiat zielonogórski";"as of the end of December";"over 50 years";"2024";407;"person";"";
0809000;"Powiat zielonogórski";"as of the end of December";"long-term unemployed";"2024";757;"person";"";
0810000;"Powiat żagański";"as of the end of December";"total";"2024";984;"person";"";
0810000;"Powiat żagański";"as of the end of December";"females";"2024";539;"person";"";
0810000;"Powiat żagański";"as of the end of December";"males";"2024";445;"person";"";
0810000;"Powiat żagański";"as of the end of December";"below 25 years";"2024";123;"person";"";
0810000;"Powiat żagański";"as of the end of December";"below 30 years";"2024";241;"person";"";
0810000;"Powiat żagański";"as of the end of December";"over 50 years";"2024";279;"person";"";
0810000;"Powiat żagański";"as of the end of December";"long-term unemployed";"2024";292;"person";"";
0811000;"Powiat żarski";"as of the end of December";"total";"2024";1515;"person";"";
0811000;"Powiat żarski";"as of the end of December";"females";"2024";849;"person";"";
0811000;"Powiat żarski";"as of the end of December";"males";"2024";666;"person";"";
0811000;"Powiat żarski";"as of the end of December";"below 25 years";"2024";189;"person";"";
0811000;"Powiat żarski";"as of the end of December";"below 30 years";"2024";339;"person";"";
0811000;"Powiat żarski";"as of the end of December";"over 50 years";"2024";438;"person";"";
0811000;"Powiat żarski";"as of the end of December";"long-term unemployed";"2024";660;"person";"";
0812000;"Powiat wschowski";"as of the end of December";"total";"2024";952;"person";"";
0812000;"Powiat wschowski";"as of the end of December";"females";"2024";539;"person";"";
0812000;"Powiat wschowski";"as of the end of December";"males";"2024";413;"person";"";
0812000;"Powiat wschowski";"as of the end of December";"below 25 years";"2024";159;"person";"";
0812000;"Powiat wschowski";"as of the end of December";"below 30 years";"2024";247;"person";"";
0812000;"Powiat wschowski";"as of the end of December";"over 50 years";"2024";256;"person";"";
0812000;"Powiat wschowski";"as of the end of December";"long-term unemployed";"2024";437;"person";"";
0861000;"City with powiat status Gorzów Wielkopolski";"as of the end of December";"total";"2024";1280;"person";"";
0861000;"City with powiat status Gorzów Wielkopolski";"as of the end of December";"females";"2024";690;"person";"";
0861000;"City with powiat status Gorzów Wielkopolski";"as of the end of December";"males";"2024";590;"person";"";
0861000;"City with powiat status Gorzów Wielkopolski";"as of the end of December";"below 25 years";"2024";115;"person";"";
0861000;"City with powiat status Gorzów Wielkopolski";"as of the end of December";"below 30 years";"2024";237;"person";"";
0861000;"City with powiat status Gorzów Wielkopolski";"as of the end of December";"over 50 years";"2024";374;"person";"";
0861000;"City with powiat status Gorzów Wielkopolski";"as of the end of December";"long-term unemployed";"2024";307;"person";"";
0862000;"City with powiat status Zielona Góra";"as of the end of December";"total";"2024";1996;"person";"";
0862000;"City with powiat status Zielona Góra";"as of the end of December";"females";"2024";991;"person";"";
0862000;"City with powiat status Zielona Góra";"as of the end of December";"males";"2024";1005;"person";"";
0862000;"City with powiat status Zielona Góra";"as of the end of December";"below 25 years";"2024";156;"person";"";
0862000;"City with powiat status Zielona Góra";"as of the end of December";"below 30 years";"2024";341;"person";"";
0862000;"City with powiat status Zielona Góra";"as of the end of December";"over 50 years";"2024";551;"person";"";
0862000;"City with powiat status Zielona Góra";"as of the end of December";"long-term unemployed";"2024";682;"person";"";
1000000;"ŁÓDZKIE";"as of the end of December";"total";"2024";53336;"person";"";
1000000;"ŁÓDZKIE";"as of the end of December";"females";"2024";26494;"person";"";
1000000;"ŁÓDZKIE";"as of the end of December";"males";"2024";26842;"person";"";
1000000;"ŁÓDZKIE";"as of the end of December";"below 25 years";"2024";5715;"person";"";
1000000;"ŁÓDZKIE";"as of the end of December";"below 30 years";"2024";10887;"person";"";
1000000;"ŁÓDZKIE";"as of the end of December";"over 50 years";"2024";15942;"person";"";
1000000;"ŁÓDZKIE";"as of the end of December";"long-term unemployed";"2024";26901;"person";"";
1001000;"Powiat bełchatowski";"as of the end of December";"total";"2024";2112;"person";"";
1001000;"Powiat bełchatowski";"as of the end of December";"females";"2024";1192;"person";"";
1001000;"Powiat bełchatowski";"as of the end of December";"males";"2024";920;"person";"";
1001000;"Powiat bełchatowski";"as of the end of December";"below 25 years";"2024";287;"person";"";
1001000;"Powiat bełchatowski";"as of the end of December";"below 30 years";"2024";514;"person";"";
1001000;"Powiat bełchatowski";"as of the end of December";"over 50 years";"2024";466;"person";"";
1001000;"Powiat bełchatowski";"as of the end of December";"long-term unemployed";"2024";1048;"person";"";
1002000;"Powiat kutnowski";"as of the end of December";"total";"2024";2832;"person";"";
1002000;"Powiat kutnowski";"as of the end of December";"females";"2024";1522;"person";"";
1002000;"Powiat kutnowski";"as of the end of December";"males";"2024";1310;"person";"";
1002000;"Powiat kutnowski";"as of the end of December";"below 25 years";"2024";340;"person";"";
1002000;"Powiat kutnowski";"as of the end of December";"below 30 years";"2024";667;"person";"";
1002000;"Powiat kutnowski";"as of the end of December";"over 50 years";"2024";688;"person";"";
1002000;"Powiat kutnowski";"as of the end of December";"long-term unemployed";"2024";1573;"person";"";
1003000;"Powiat łaski";"as of the end of December";"total";"2024";1277;"person";"";
1003000;"Powiat łaski";"as of the end of December";"females";"2024";574;"person";"";
1003000;"Powiat łaski";"as of the end of December";"males";"2024";703;"person";"";
1003000;"Powiat łaski";"as of the end of December";"below 25 years";"2024";163;"person";"";
1003000;"Powiat łaski";"as of the end of December";"below 30 years";"2024";313;"person";"";
1003000;"Powiat łaski";"as of the end of December";"over 50 years";"2024";362;"person";"";
1003000;"Powiat łaski";"as of the end of December";"long-term unemployed";"2024";599;"person";"";
1004000;"Powiat łęczycki";"as of the end of December";"total";"2024";924;"person";"";
1004000;"Powiat łęczycki";"as of the end of December";"females";"2024";443;"person";"";
1004000;"Powiat łęczycki";"as of the end of December";"males";"2024";481;"person";"";
1004000;"Powiat łęczycki";"as of the end of December";"below 25 years";"2024";116;"person";"";
1004000;"Powiat łęczycki";"as of the end of December";"below 30 years";"2024";199;"person";"";
1004000;"Powiat łęczycki";"as of the end of December";"over 50 years";"2024";291;"person";"";
1004000;"Powiat łęczycki";"as of the end of December";"long-term unemployed";"2024";476;"person";"";
1005000;"Powiat łowicki";"as of the end of December";"total";"2024";1214;"person";"";
1005000;"Powiat łowicki";"as of the end of December";"females";"2024";541;"person";"";
1005000;"Powiat łowicki";"as of the end of December";"males";"2024";673;"person";"";
1005000;"Powiat łowicki";"as of the end of December";"below 25 years";"2024";169;"person";"";
1005000;"Powiat łowicki";"as of the end of December";"below 30 years";"2024";290;"person";"";
1005000;"Powiat łowicki";"as of the end of December";"over 50 years";"2024";358;"person";"";
1005000;"Powiat łowicki";"as of the end of December";"long-term unemployed";"2024";591;"person";"";
1006000;"Powiat łódzki wschodni";"as of the end of December";"total";"2024";1634;"person";"";
1006000;"Powiat łódzki wschodni";"as of the end of December";"females";"2024";726;"person";"";
1006000;"Powiat łódzki wschodni";"as of the end of December";"males";"2024";908;"person";"";
1006000;"Powiat łódzki wschodni";"as of the end of December";"below 25 years";"2024";164;"person";"";
1006000;"Powiat łódzki wschodni";"as of the end of December";"below 30 years";"2024";296;"person";"";
1006000;"Powiat łódzki wschodni";"as of the end of December";"over 50 years";"2024";543;"person";"";
1006000;"Powiat łódzki wschodni";"as of the end of December";"long-term unemployed";"2024";915;"person";"";
1007000;"Powiat opoczyński";"as of the end of December";"total";"2024";2000;"person";"";
1007000;"Powiat opoczyński";"as of the end of December";"females";"2024";1056;"person";"";
1007000;"Powiat opoczyński";"as of the end of December";"males";"2024";944;"person";"";
1007000;"Powiat opoczyński";"as of the end of December";"below 25 years";"2024";294;"person";"";
1007000;"Powiat opoczyński";"as of the end of December";"below 30 years";"2024";492;"person";"";
1007000;"Powiat opoczyński";"as of the end of December";"over 50 years";"2024";520;"person";"";
1007000;"Powiat opoczyński";"as of the end of December";"long-term unemployed";"2024";950;"person";"";
1008000;"Powiat pabianicki";"as of the end of December";"total";"2024";2702;"person";"";
1008000;"Powiat pabianicki";"as of the end of December";"females";"2024";1247;"person";"";
1008000;"Powiat pabianicki";"as of the end of December";"males";"2024";1455;"person";"";
1008000;"Powiat pabianicki";"as of the end of December";"below 25 years";"2024";200;"person";"";
1008000;"Powiat pabianicki";"as of the end of December";"below 30 years";"2024";429;"person";"";
1008000;"Powiat pabianicki";"as of the end of December";"over 50 years";"2024";951;"person";"";
1008000;"Powiat pabianicki";"as of the end of December";"long-term unemployed";"2024";1326;"person";"";
1009000;"Powiat pajęczański";"as of the end of December";"total";"2024";1300;"person";"";
1009000;"Powiat pajęczański";"as of the end of December";"females";"2024";672;"person";"";
1009000;"Powiat pajęczański";"as of the end of December";"males";"2024";628;"person";"";
1009000;"Powiat pajęczański";"as of the end of December";"below 25 years";"2024";206;"person";"";
1009000;"Powiat pajęczański";"as of the end of December";"below 30 years";"2024";362;"person";"";
1009000;"Powiat pajęczański";"as of the end of December";"over 50 years";"2024";359;"person";"";
1009000;"Powiat pajęczański";"as of the end of December";"long-term unemployed";"2024";609;"person";"";
1010000;"Powiat piotrkowski";"as of the end of December";"total";"2024";1789;"person";"";
1010000;"Powiat piotrkowski";"as of the end of December";"females";"2024";908;"person";"";
1010000;"Powiat piotrkowski";"as of the end of December";"males";"2024";881;"person";"";
1010000;"Powiat piotrkowski";"as of the end of December";"below 25 years";"2024";280;"person";"";
1010000;"Powiat piotrkowski";"as of the end of December";"below 30 years";"2024";485;"person";"";
1010000;"Powiat piotrkowski";"as of the end of December";"over 50 years";"2024";459;"person";"";
1010000;"Powiat piotrkowski";"as of the end of December";"long-term unemployed";"2024";890;"person";"";
1011000;"Powiat poddębicki";"as of the end of December";"total";"2024";1112;"person";"";
1011000;"Powiat poddębicki";"as of the end of December";"females";"2024";502;"person";"";
1011000;"Powiat poddębicki";"as of the end of December";"males";"2024";610;"person";"";
1011000;"Powiat poddębicki";"as of the end of December";"below 25 years";"2024";159;"person";"";
1011000;"Powiat poddębicki";"as of the end of December";"below 30 years";"2024";292;"person";"";
1011000;"Powiat poddębicki";"as of the end of December";"over 50 years";"2024";307;"person";"";
1011000;"Powiat poddębicki";"as of the end of December";"long-term unemployed";"2024";648;"person";"";
1012000;"Powiat radomszczański";"as of the end of December";"total";"2024";2006;"person";"";
1012000;"Powiat radomszczański";"as of the end of December";"females";"2024";1131;"person";"";
1012000;"Powiat radomszczański";"as of the end of December";"males";"2024";875;"person";"";
1012000;"Powiat radomszczański";"as of the end of December";"below 25 years";"2024";259;"person";"";
1012000;"Powiat radomszczański";"as of the end of December";"below 30 years";"2024";474;"person";"";
1012000;"Powiat radomszczański";"as of the end of December";"over 50 years";"2024";572;"person";"";
1012000;"Powiat radomszczański";"as of the end of December";"long-term unemployed";"2024";832;"person";"";
1013000;"Powiat rawski";"as of the end of December";"total";"2024";555;"person";"";
1013000;"Powiat rawski";"as of the end of December";"females";"2024";272;"person";"";
1013000;"Powiat rawski";"as of the end of December";"males";"2024";283;"person";"";
1013000;"Powiat rawski";"as of the end of December";"below 25 years";"2024";76;"person";"";
1013000;"Powiat rawski";"as of the end of December";"below 30 years";"2024";136;"person";"";
1013000;"Powiat rawski";"as of the end of December";"over 50 years";"2024";156;"person";"";
1013000;"Powiat rawski";"as of the end of December";"long-term unemployed";"2024";224;"person";"";
1014000;"Powiat sieradzki";"as of the end of December";"total";"2024";2313;"person";"";
1014000;"Powiat sieradzki";"as of the end of December";"females";"2024";1153;"person";"";
1014000;"Powiat sieradzki";"as of the end of December";"males";"2024";1160;"person";"";
1014000;"Powiat sieradzki";"as of the end of December";"below 25 years";"2024";340;"person";"";
1014000;"Powiat sieradzki";"as of the end of December";"below 30 years";"2024";640;"person";"";
1014000;"Powiat sieradzki";"as of the end of December";"over 50 years";"2024";640;"person";"";
1014000;"Powiat sieradzki";"as of the end of December";"long-term unemployed";"2024";1120;"person";"";
1015000;"Powiat skierniewicki";"as of the end of December";"total";"2024";444;"person";"";
1015000;"Powiat skierniewicki";"as of the end of December";"females";"2024";241;"person";"";
1015000;"Powiat skierniewicki";"as of the end of December";"males";"2024";203;"person";"";
1015000;"Powiat skierniewicki";"as of the end of December";"below 25 years";"2024";74;"person";"";
1015000;"Powiat skierniewicki";"as of the end of December";"below 30 years";"2024";124;"person";"";
1015000;"Powiat skierniewicki";"as of the end of December";"over 50 years";"2024";123;"person";"";
1015000;"Powiat skierniewicki";"as of the end of December";"long-term unemployed";"2024";215;"person";"";
1016000;"Powiat tomaszowski";"as of the end of December";"total";"2024";3362;"person";"";
1016000;"Powiat tomaszowski";"as of the end of December";"females";"2024";1600;"person";"";
1016000;"Powiat tomaszowski";"as of the end of December";"males";"2024";1762;"person";"";
1016000;"Powiat tomaszowski";"as of the end of December";"below 25 years";"2024";398;"person";"";
1016000;"Powiat tomaszowski";"as of the end of December";"below 30 years";"2024";740;"person";"";
1016000;"Powiat tomaszowski";"as of the end of December";"over 50 years";"2024";898;"person";"";
1016000;"Powiat tomaszowski";"as of the end of December";"long-term unemployed";"2024";1638;"person";"";
1017000;"Powiat wieluński";"as of the end of December";"total";"2024";1599;"person";"";
1017000;"Powiat wieluński";"as of the end of December";"females";"2024";885;"person";"";
1017000;"Powiat wieluński";"as of the end of December";"males";"2024";714;"person";"";
1017000;"Powiat wieluński";"as of the end of December";"below 25 years";"2024";244;"person";"";
1017000;"Powiat wieluński";"as of the end of December";"below 30 years";"2024";418;"person";"";
1017000;"Powiat wieluński";"as of the end of December";"over 50 years";"2024";417;"person";"";
1017000;"Powiat wieluński";"as of the end of December";"long-term unemployed";"2024";929;"person";"";
1018000;"Powiat wieruszowski";"as of the end of December";"total";"2024";831;"person";"";
1018000;"Powiat wieruszowski";"as of the end of December";"females";"2024";447;"person";"";
1018000;"Powiat wieruszowski";"as of the end of December";"males";"2024";384;"person";"";
1018000;"Powiat wieruszowski";"as of the end of December";"below 25 years";"2024";161;"person";"";
1018000;"Powiat wieruszowski";"as of the end of December";"below 30 years";"2024";269;"person";"";
1018000;"Powiat wieruszowski";"as of the end of December";"over 50 years";"2024";213;"person";"";
1018000;"Powiat wieruszowski";"as of the end of December";"long-term unemployed";"2024";379;"person";"";
1019000;"Powiat zduńskowolski";"as of the end of December";"total";"2024";1654;"person";"";
1019000;"Powiat zduńskowolski";"as of the end of December";"females";"2024";836;"person";"";
1019000;"Powiat zduńskowolski";"as of the end of December";"males";"2024";818;"person";"";
1019000;"Powiat zduńskowolski";"as of the end of December";"below 25 years";"2024";197;"person";"";
1019000;"Powiat zduńskowolski";"as of the end of December";"below 30 years";"2024";341;"person";"";
1019000;"Powiat zduńskowolski";"as of the end of December";"over 50 years";"2024";506;"person";"";
1019000;"Powiat zduńskowolski";"as of the end of December";"long-term unemployed";"2024";826;"person";"";
1020000;"Powiat zgierski";"as of the end of December";"total";"2024";3399;"person";"";
1020000;"Powiat zgierski";"as of the end of December";"females";"2024";1643;"person";"";
1020000;"Powiat zgierski";"as of the end of December";"males";"2024";1756;"person";"";
1020000;"Powiat zgierski";"as of the end of December";"below 25 years";"2024";348;"person";"";
1020000;"Powiat zgierski";"as of the end of December";"below 30 years";"2024";647;"person";"";
1020000;"Powiat zgierski";"as of the end of December";"over 50 years";"2024";1085;"person";"";
1020000;"Powiat zgierski";"as of the end of December";"long-term unemployed";"2024";1539;"person";"";
1021000;"Powiat brzeziński";"as of the end of December";"total";"2024";693;"person";"";
1021000;"Powiat brzeziński";"as of the end of December";"females";"2024";306;"person";"";
1021000;"Powiat brzeziński";"as of the end of December";"males";"2024";387;"person";"";
1021000;"Powiat brzeziński";"as of the end of December";"below 25 years";"2024";87;"person";"";
1021000;"Powiat brzeziński";"as of the end of December";"below 30 years";"2024";161;"person";"";
1021000;"Powiat brzeziński";"as of the end of December";"over 50 years";"2024";187;"person";"";
1021000;"Powiat brzeziński";"as of the end of December";"long-term unemployed";"2024";365;"person";"";
1061000;"City with powiat status Łódź";"as of the end of December";"total";"2024";15159;"person";"";
1061000;"City with powiat status Łódź";"as of the end of December";"females";"2024";7273;"person";"";
1061000;"City with powiat status Łódź";"as of the end of December";"males";"2024";7886;"person";"";
1061000;"City with powiat status Łódź";"as of the end of December";"below 25 years";"2024";950;"person";"";
1061000;"City with powiat status Łódź";"as of the end of December";"below 30 years";"2024";2142;"person";"";
1061000;"City with powiat status Łódź";"as of the end of December";"over 50 years";"2024";5131;"person";"";
1061000;"City with powiat status Łódź";"as of the end of December";"long-term unemployed";"2024";7959;"person";"";
1062000;"City with powiat status Piotrków Trybunalski";"as of the end of December";"total";"2024";1676;"person";"";
1062000;"City with powiat status Piotrków Trybunalski";"as of the end of December";"females";"2024";859;"person";"";
1062000;"City with powiat status Piotrków Trybunalski";"as of the end of December";"males";"2024";817;"person";"";
1062000;"City with powiat status Piotrków Trybunalski";"as of the end of December";"below 25 years";"2024";146;"person";"";
1062000;"City with powiat status Piotrków Trybunalski";"as of the end of December";"below 30 years";"2024";324;"person";"";
1062000;"City with powiat status Piotrków Trybunalski";"as of the end of December";"over 50 years";"2024";478;"person";"";
1062000;"City with powiat status Piotrków Trybunalski";"as of the end of December";"long-term unemployed";"2024";859;"person";"";
1063000;"City with powiat status Skierniewice";"as of the end of December";"total";"2024";749;"person";"";
1063000;"City with powiat status Skierniewice";"as of the end of December";"females";"2024";465;"person";"";
1063000;"City with powiat status Skierniewice";"as of the end of December";"males";"2024";284;"person";"";
1063000;"City with powiat status Skierniewice";"as of the end of December";"below 25 years";"2024";57;"person";"";
1063000;"City with powiat status Skierniewice";"as of the end of December";"below 30 years";"2024";132;"person";"";
1063000;"City with powiat status Skierniewice";"as of the end of December";"over 50 years";"2024";232;"person";"";
1063000;"City with powiat status Skierniewice";"as of the end of December";"long-term unemployed";"2024";391;"person";"";
1200000;"MAŁOPOLSKIE";"as of the end of December";"total";"2024";60654;"person";"";
1200000;"MAŁOPOLSKIE";"as of the end of December";"females";"2024";31958;"person";"";
1200000;"MAŁOPOLSKIE";"as of the end of December";"males";"2024";28696;"person";"";
1200000;"MAŁOPOLSKIE";"as of the end of December";"below 25 years";"2024";9208;"person";"";
1200000;"MAŁOPOLSKIE";"as of the end of December";"below 30 years";"2024";16254;"person";"";
1200000;"MAŁOPOLSKIE";"as of the end of December";"over 50 years";"2024";15571;"person";"";
1200000;"MAŁOPOLSKIE";"as of the end of December";"long-term unemployed";"2024";27900;"person";"";
1201000;"Powiat bocheński";"as of the end of December";"total";"2024";897;"person";"";
1201000;"Powiat bocheński";"as of the end of December";"females";"2024";494;"person";"";
1201000;"Powiat bocheński";"as of the end of December";"males";"2024";403;"person";"";
1201000;"Powiat bocheński";"as of the end of December";"below 25 years";"2024";163;"person";"";
1201000;"Powiat bocheński";"as of the end of December";"below 30 years";"2024";263;"person";"";
1201000;"Powiat bocheński";"as of the end of December";"over 50 years";"2024";238;"person";"";
1201000;"Powiat bocheński";"as of the end of December";"long-term unemployed";"2024";346;"person";"";
1202000;"Powiat brzeski";"as of the end of December";"total";"2024";1582;"person";"";
1202000;"Powiat brzeski";"as of the end of December";"females";"2024";901;"person";"";
1202000;"Powiat brzeski";"as of the end of December";"males";"2024";681;"person";"";
1202000;"Powiat brzeski";"as of the end of December";"below 25 years";"2024";317;"person";"";
1202000;"Powiat brzeski";"as of the end of December";"below 30 years";"2024";509;"person";"";
1202000;"Powiat brzeski";"as of the end of December";"over 50 years";"2024";388;"person";"";
1202000;"Powiat brzeski";"as of the end of December";"long-term unemployed";"2024";750;"person";"";
1203000;"Powiat chrzanowski";"as of the end of December";"total";"2024";2405;"person";"";
1203000;"Powiat chrzanowski";"as of the end of December";"females";"2024";1273;"person";"";
1203000;"Powiat chrzanowski";"as of the end of December";"males";"2024";1132;"person";"";
1203000;"Powiat chrzanowski";"as of the end of December";"below 25 years";"2024";276;"person";"";
1203000;"Powiat chrzanowski";"as of the end of December";"below 30 years";"2024";511;"person";"";
1203000;"Powiat chrzanowski";"as of the end of December";"over 50 years";"2024";660;"person";"";
1203000;"Powiat chrzanowski";"as of the end of December";"long-term unemployed";"2024";1102;"person";"";
1204000;"Powiat dąbrowski";"as of the end of December";"total";"2024";2088;"person";"";
1204000;"Powiat dąbrowski";"as of the end of December";"females";"2024";1143;"person";"";
1204000;"Powiat dąbrowski";"as of the end of December";"males";"2024";945;"person";"";
1204000;"Powiat dąbrowski";"as of the end of December";"below 25 years";"2024";407;"person";"";
1204000;"Powiat dąbrowski";"as of the end of December";"below 30 years";"2024";694;"person";"";
1204000;"Powiat dąbrowski";"as of the end of December";"over 50 years";"2024";388;"person";"";
1204000;"Powiat dąbrowski";"as of the end of December";"long-term unemployed";"2024";1222;"person";"";
1205000;"Powiat gorlicki";"as of the end of December";"total";"2024";2230;"person";"";
1205000;"Powiat gorlicki";"as of the end of December";"females";"2024";1328;"person";"";
1205000;"Powiat gorlicki";"as of the end of December";"males";"2024";902;"person";"";
1205000;"Powiat gorlicki";"as of the end of December";"below 25 years";"2024";449;"person";"";
1205000;"Powiat gorlicki";"as of the end of December";"below 30 years";"2024";708;"person";"";
1205000;"Powiat gorlicki";"as of the end of December";"over 50 years";"2024";510;"person";"";
1205000;"Powiat gorlicki";"as of the end of December";"long-term unemployed";"2024";1054;"person";"";
1206000;"Powiat krakowski";"as of the end of December";"total";"2024";4562;"person";"";
1206000;"Powiat krakowski";"as of the end of December";"females";"2024";2208;"person";"";
1206000;"Powiat krakowski";"as of the end of December";"males";"2024";2354;"person";"";
1206000;"Powiat krakowski";"as of the end of December";"below 25 years";"2024";596;"person";"";
1206000;"Powiat krakowski";"as of the end of December";"below 30 years";"2024";1097;"person";"";
1206000;"Powiat krakowski";"as of the end of December";"over 50 years";"2024";1247;"person";"";
1206000;"Powiat krakowski";"as of the end of December";"long-term unemployed";"2024";2280;"person";"";
1207000;"Powiat limanowski";"as of the end of December";"total";"2024";3404;"person";"";
1207000;"Powiat limanowski";"as of the end of December";"females";"2024";1981;"person";"";
1207000;"Powiat limanowski";"as of the end of December";"males";"2024";1423;"person";"";
1207000;"Powiat limanowski";"as of the end of December";"below 25 years";"2024";818;"person";"";
1207000;"Powiat limanowski";"as of the end of December";"below 30 years";"2024";1285;"person";"";
1207000;"Powiat limanowski";"as of the end of December";"over 50 years";"2024";686;"person";"";
1207000;"Powiat limanowski";"as of the end of December";"long-term unemployed";"2024";1481;"person";"";
1208000;"Powiat miechowski";"as of the end of December";"total";"2024";822;"person";"";
1208000;"Powiat miechowski";"as of the end of December";"females";"2024";434;"person";"";
1208000;"Powiat miechowski";"as of the end of December";"males";"2024";388;"person";"";
1208000;"Powiat miechowski";"as of the end of December";"below 25 years";"2024";168;"person";"";
1208000;"Powiat miechowski";"as of the end of December";"below 30 years";"2024";255;"person";"";
1208000;"Powiat miechowski";"as of the end of December";"over 50 years";"2024";177;"person";"";
1208000;"Powiat miechowski";"as of the end of December";"long-term unemployed";"2024";433;"person";"";
1209000;"Powiat myślenicki";"as of the end of December";"total";"2024";1448;"person";"";
1209000;"Powiat myślenicki";"as of the end of December";"females";"2024";764;"person";"";
1209000;"Powiat myślenicki";"as of the end of December";"males";"2024";684;"person";"";
1209000;"Powiat myślenicki";"as of the end of December";"below 25 years";"2024";272;"person";"";
1209000;"Powiat myślenicki";"as of the end of December";"below 30 years";"2024";435;"person";"";
1209000;"Powiat myślenicki";"as of the end of December";"over 50 years";"2024";388;"person";"";
1209000;"Powiat myślenicki";"as of the end of December";"long-term unemployed";"2024";445;"person";"";
1210000;"Powiat nowosądecki";"as of the end of December";"total";"2024";5353;"person";"";
1210000;"Powiat nowosądecki";"as of the end of December";"females";"2024";3340;"person";"";
1210000;"Powiat nowosądecki";"as of the end of December";"males";"2024";2013;"person";"";
1210000;"Powiat nowosądecki";"as of the end of December";"below 25 years";"2024";1017;"person";"";
1210000;"Powiat nowosądecki";"as of the end of December";"below 30 years";"2024";1806;"person";"";
1210000;"Powiat nowosądecki";"as of the end of December";"over 50 years";"2024";1161;"person";"";
1210000;"Powiat nowosądecki";"as of the end of December";"long-term unemployed";"2024";2737;"person";"";
1211000;"Powiat nowotarski";"as of the end of December";"total";"2024";3257;"person";"";
1211000;"Powiat nowotarski";"as of the end of December";"females";"2024";1510;"person";"";
1211000;"Powiat nowotarski";"as of the end of December";"males";"2024";1747;"person";"";
1211000;"Powiat nowotarski";"as of the end of December";"below 25 years";"2024";622;"person";"";
1211000;"Powiat nowotarski";"as of the end of December";"below 30 years";"2024";1053;"person";"";
1211000;"Powiat nowotarski";"as of the end of December";"over 50 years";"2024";758;"person";"";
1211000;"Powiat nowotarski";"as of the end of December";"long-term unemployed";"2024";1067;"person";"";
1212000;"Powiat olkuski";"as of the end of December";"total";"2024";2665;"person";"";
1212000;"Powiat olkuski";"as of the end of December";"females";"2024";1267;"person";"";
1212000;"Powiat olkuski";"as of the end of December";"males";"2024";1398;"person";"";
1212000;"Powiat olkuski";"as of the end of December";"below 25 years";"2024";336;"person";"";
1212000;"Powiat olkuski";"as of the end of December";"below 30 years";"2024";604;"person";"";
1212000;"Powiat olkuski";"as of the end of December";"over 50 years";"2024";670;"person";"";
1212000;"Powiat olkuski";"as of the end of December";"long-term unemployed";"2024";1494;"person";"";
1213000;"Powiat oświęcimski";"as of the end of December";"total";"2024";2229;"person";"";
1213000;"Powiat oświęcimski";"as of the end of December";"females";"2024";1196;"person";"";
1213000;"Powiat oświęcimski";"as of the end of December";"males";"2024";1033;"person";"";
1213000;"Powiat oświęcimski";"as of the end of December";"below 25 years";"2024";299;"person";"";
1213000;"Powiat oświęcimski";"as of the end of December";"below 30 years";"2024";526;"person";"";
1213000;"Powiat oświęcimski";"as of the end of December";"over 50 years";"2024";574;"person";"";
1213000;"Powiat oświęcimski";"as of the end of December";"long-term unemployed";"2024";872;"person";"";
1214000;"Powiat proszowicki";"as of the end of December";"total";"2024";775;"person";"";
1214000;"Powiat proszowicki";"as of the end of December";"females";"2024";367;"person";"";
1214000;"Powiat proszowicki";"as of the end of December";"males";"2024";408;"person";"";
1214000;"Powiat proszowicki";"as of the end of December";"below 25 years";"2024";193;"person";"";
1214000;"Powiat proszowicki";"as of the end of December";"below 30 years";"2024";281;"person";"";
1214000;"Powiat proszowicki";"as of the end of December";"over 50 years";"2024";161;"person";"";
1214000;"Powiat proszowicki";"as of the end of December";"long-term unemployed";"2024";352;"person";"";
1215000;"Powiat suski";"as of the end of December";"total";"2024";1331;"person";"";
1215000;"Powiat suski";"as of the end of December";"females";"2024";676;"person";"";
1215000;"Powiat suski";"as of the end of December";"males";"2024";655;"person";"";
1215000;"Powiat suski";"as of the end of December";"below 25 years";"2024";316;"person";"";
1215000;"Powiat suski";"as of the end of December";"below 30 years";"2024";485;"person";"";
1215000;"Powiat suski";"as of the end of December";"over 50 years";"2024";288;"person";"";
1215000;"Powiat suski";"as of the end of December";"long-term unemployed";"2024";456;"person";"";
1216000;"Powiat tarnowski";"as of the end of December";"total";"2024";4032;"person";"";
1216000;"Powiat tarnowski";"as of the end of December";"females";"2024";2334;"person";"";
1216000;"Powiat tarnowski";"as of the end of December";"males";"2024";1698;"person";"";
1216000;"Powiat tarnowski";"as of the end of December";"below 25 years";"2024";770;"person";"";
1216000;"Powiat tarnowski";"as of the end of December";"below 30 years";"2024";1291;"person";"";
1216000;"Powiat tarnowski";"as of the end of December";"over 50 years";"2024";968;"person";"";
1216000;"Powiat tarnowski";"as of the end of December";"long-term unemployed";"2024";2065;"person";"";
1217000;"Powiat tatrzański";"as of the end of December";"total";"2024";2197;"person";"";
1217000;"Powiat tatrzański";"as of the end of December";"females";"2024";944;"person";"";
1217000;"Powiat tatrzański";"as of the end of December";"males";"2024";1253;"person";"";
1217000;"Powiat tatrzański";"as of the end of December";"below 25 years";"2024";365;"person";"";
1217000;"Powiat tatrzański";"as of the end of December";"below 30 years";"2024";646;"person";"";
1217000;"Powiat tatrzański";"as of the end of December";"over 50 years";"2024";510;"person";"";
1217000;"Powiat tatrzański";"as of the end of December";"long-term unemployed";"2024";1334;"person";"";
1218000;"Powiat wadowicki";"as of the end of December";"total";"2024";3107;"person";"";
1218000;"Powiat wadowicki";"as of the end of December";"females";"2024";1594;"person";"";
1218000;"Powiat wadowicki";"as of the end of December";"males";"2024";1513;"person";"";
1218000;"Powiat wadowicki";"as of the end of December";"below 25 years";"2024";500;"person";"";
1218000;"Powiat wadowicki";"as of the end of December";"below 30 years";"2024";814;"person";"";
1218000;"Powiat wadowicki";"as of the end of December";"over 50 years";"2024";854;"person";"";
1218000;"Powiat wadowicki";"as of the end of December";"long-term unemployed";"2024";1356;"person";"";
1219000;"Powiat wielicki";"as of the end of December";"total";"2024";1917;"person";"";
1219000;"Powiat wielicki";"as of the end of December";"females";"2024";948;"person";"";
1219000;"Powiat wielicki";"as of the end of December";"males";"2024";969;"person";"";
1219000;"Powiat wielicki";"as of the end of December";"below 25 years";"2024";248;"person";"";
1219000;"Powiat wielicki";"as of the end of December";"below 30 years";"2024";468;"person";"";
1219000;"Powiat wielicki";"as of the end of December";"over 50 years";"2024";563;"person";"";
1219000;"Powiat wielicki";"as of the end of December";"long-term unemployed";"2024";724;"person";"";
1261000;"City with powiat status Kraków";"as of the end of December";"total";"2024";10657;"person";"";
1261000;"City with powiat status Kraków";"as of the end of December";"females";"2024";5205;"person";"";
1261000;"City with powiat status Kraków";"as of the end of December";"males";"2024";5452;"person";"";
1261000;"City with powiat status Kraków";"as of the end of December";"below 25 years";"2024";646;"person";"";
1261000;"City with powiat status Kraków";"as of the end of December";"below 30 years";"2024";1713;"person";"";
1261000;"City with powiat status Kraków";"as of the end of December";"over 50 years";"2024";3331;"person";"";
1261000;"City with powiat status Kraków";"as of the end of December";"long-term unemployed";"2024";4573;"person";"";
1262000;"City with powiat status Nowy Sącz";"as of the end of December";"total";"2024";1562;"person";"";
1262000;"City with powiat status Nowy Sącz";"as of the end of December";"females";"2024";855;"person";"";
1262000;"City with powiat status Nowy Sącz";"as of the end of December";"males";"2024";707;"person";"";
1262000;"City with powiat status Nowy Sącz";"as of the end of December";"below 25 years";"2024";212;"person";"";
1262000;"City with powiat status Nowy Sącz";"as of the end of December";"below 30 years";"2024";382;"person";"";
1262000;"City with powiat status Nowy Sącz";"as of the end of December";"over 50 years";"2024";410;"person";"";
1262000;"City with powiat status Nowy Sącz";"as of the end of December";"long-term unemployed";"2024";646;"person";"";
1263000;"City with powiat status Tarnów";"as of the end of December";"total";"2024";2134;"person";"";
1263000;"City with powiat status Tarnów";"as of the end of December";"females";"2024";1196;"person";"";
1263000;"City with powiat status Tarnów";"as of the end of December";"males";"2024";938;"person";"";
1263000;"City with powiat status Tarnów";"as of the end of December";"below 25 years";"2024";218;"person";"";
1263000;"City with powiat status Tarnów";"as of the end of December";"below 30 years";"2024";428;"person";"";
1263000;"City with powiat status Tarnów";"as of the end of December";"over 50 years";"2024";641;"person";"";
1263000;"City with powiat status Tarnów";"as of the end of December";"long-term unemployed";"2024";1111;"person";"";
1400000;"MAZOWIECKIE";"as of the end of December";"total";"2024";109020;"person";"";
1400000;"MAZOWIECKIE";"as of the end of December";"females";"2024";52680;"person";"";
1400000;"MAZOWIECKIE";"as of the end of December";"males";"2024";56340;"person";"";
1400000;"MAZOWIECKIE";"as of the end of December";"below 25 years";"2024";12394;"person";"";
1400000;"MAZOWIECKIE";"as of the end of December";"below 30 years";"2024";23796;"person";"";
1400000;"MAZOWIECKIE";"as of the end of December";"over 50 years";"2024";30536;"person";"";
1400000;"MAZOWIECKIE";"as of the end of December";"long-term unemployed";"2024";55701;"person";"";
1401000;"Powiat białobrzeski";"as of the end of December";"total";"2024";933;"person";"";
1401000;"Powiat białobrzeski";"as of the end of December";"females";"2024";383;"person";"";
1401000;"Powiat białobrzeski";"as of the end of December";"males";"2024";550;"person";"";
1401000;"Powiat białobrzeski";"as of the end of December";"below 25 years";"2024";200;"person";"";
1401000;"Powiat białobrzeski";"as of the end of December";"below 30 years";"2024";299;"person";"";
1401000;"Powiat białobrzeski";"as of the end of December";"over 50 years";"2024";207;"person";"";
1401000;"Powiat białobrzeski";"as of the end of December";"long-term unemployed";"2024";477;"person";"";
1402000;"Powiat ciechanowski";"as of the end of December";"total";"2024";2727;"person";"";
1402000;"Powiat ciechanowski";"as of the end of December";"females";"2024";1261;"person";"";
1402000;"Powiat ciechanowski";"as of the end of December";"males";"2024";1466;"person";"";
1402000;"Powiat ciechanowski";"as of the end of December";"below 25 years";"2024";341;"person";"";
1402000;"Powiat ciechanowski";"as of the end of December";"below 30 years";"2024";661;"person";"";
1402000;"Powiat ciechanowski";"as of the end of December";"over 50 years";"2024";688;"person";"";
1402000;"Powiat ciechanowski";"as of the end of December";"long-term unemployed";"2024";1426;"person";"";
1403000;"Powiat garwoliński";"as of the end of December";"total";"2024";3206;"person";"";
1403000;"Powiat garwoliński";"as of the end of December";"females";"2024";1414;"person";"";
1403000;"Powiat garwoliński";"as of the end of December";"males";"2024";1792;"person";"";
1403000;"Powiat garwoliński";"as of the end of December";"below 25 years";"2024";469;"person";"";
1403000;"Powiat garwoliński";"as of the end of December";"below 30 years";"2024";871;"person";"";
1403000;"Powiat garwoliński";"as of the end of December";"over 50 years";"2024";753;"person";"";
1403000;"Powiat garwoliński";"as of the end of December";"long-term unemployed";"2024";1751;"person";"";
1404000;"Powiat gostyniński";"as of the end of December";"total";"2024";1680;"person";"";
1404000;"Powiat gostyniński";"as of the end of December";"females";"2024";904;"person";"";
1404000;"Powiat gostyniński";"as of the end of December";"males";"2024";776;"person";"";
1404000;"Powiat gostyniński";"as of the end of December";"below 25 years";"2024";188;"person";"";
1404000;"Powiat gostyniński";"as of the end of December";"below 30 years";"2024";359;"person";"";
1404000;"Powiat gostyniński";"as of the end of December";"over 50 years";"2024";460;"person";"";
1404000;"Powiat gostyniński";"as of the end of December";"long-term unemployed";"2024";1015;"person";"";
1405000;"Powiat grodziski";"as of the end of December";"total";"2024";1005;"person";"";
1405000;"Powiat grodziski";"as of the end of December";"females";"2024";505;"person";"";
1405000;"Powiat grodziski";"as of the end of December";"males";"2024";500;"person";"";
1405000;"Powiat grodziski";"as of the end of December";"below 25 years";"2024";115;"person";"";
1405000;"Powiat grodziski";"as of the end of December";"below 30 years";"2024";202;"person";"";
1405000;"Powiat grodziski";"as of the end of December";"over 50 years";"2024";302;"person";"";
1405000;"Powiat grodziski";"as of the end of December";"long-term unemployed";"2024";368;"person";"";
1406000;"Powiat grójecki";"as of the end of December";"total";"2024";1074;"person";"";
1406000;"Powiat grójecki";"as of the end of December";"females";"2024";531;"person";"";
1406000;"Powiat grójecki";"as of the end of December";"males";"2024";543;"person";"";
1406000;"Powiat grójecki";"as of the end of December";"below 25 years";"2024";162;"person";"";
1406000;"Powiat grójecki";"as of the end of December";"below 30 years";"2024";302;"person";"";
1406000;"Powiat grójecki";"as of the end of December";"over 50 years";"2024";269;"person";"";
1406000;"Powiat grójecki";"as of the end of December";"long-term unemployed";"2024";432;"person";"";
1407000;"Powiat kozienicki";"as of the end of December";"total";"2024";1811;"person";"";
1407000;"Powiat kozienicki";"as of the end of December";"females";"2024";962;"person";"";
1407000;"Powiat kozienicki";"as of the end of December";"males";"2024";849;"person";"";
1407000;"Powiat kozienicki";"as of the end of December";"below 25 years";"2024";252;"person";"";
1407000;"Powiat kozienicki";"as of the end of December";"below 30 years";"2024";458;"person";"";
1407000;"Powiat kozienicki";"as of the end of December";"over 50 years";"2024";470;"person";"";
1407000;"Powiat kozienicki";"as of the end of December";"long-term unemployed";"2024";1050;"person";"";
1408000;"Powiat legionowski";"as of the end of December";"total";"2024";2079;"person";"";
1408000;"Powiat legionowski";"as of the end of December";"females";"2024";960;"person";"";
1408000;"Powiat legionowski";"as of the end of December";"males";"2024";1119;"person";"";
1408000;"Powiat legionowski";"as of the end of December";"below 25 years";"2024";184;"person";"";
1408000;"Powiat legionowski";"as of the end of December";"below 30 years";"2024";361;"person";"";
1408000;"Powiat legionowski";"as of the end of December";"over 50 years";"2024";637;"person";"";
1408000;"Powiat legionowski";"as of the end of December";"long-term unemployed";"2024";1004;"person";"";
1409000;"Powiat lipski";"as of the end of December";"total";"2024";1410;"person";"";
1409000;"Powiat lipski";"as of the end of December";"females";"2024";616;"person";"";
1409000;"Powiat lipski";"as of the end of December";"males";"2024";794;"person";"";
1409000;"Powiat lipski";"as of the end of December";"below 25 years";"2024";222;"person";"";
1409000;"Powiat lipski";"as of the end of December";"below 30 years";"2024";420;"person";"";
1409000;"Powiat lipski";"as of the end of December";"over 50 years";"2024";337;"person";"";
1409000;"Powiat lipski";"as of the end of December";"long-term unemployed";"2024";857;"person";"";
1410000;"Powiat łosicki";"as of the end of December";"total";"2024";569;"person";"";
1410000;"Powiat łosicki";"as of the end of December";"females";"2024";247;"person";"";
1410000;"Powiat łosicki";"as of the end of December";"males";"2024";322;"person";"";
1410000;"Powiat łosicki";"as of the end of December";"below 25 years";"2024";103;"person";"";
1410000;"Powiat łosicki";"as of the end of December";"below 30 years";"2024";174;"person";"";
1410000;"Powiat łosicki";"as of the end of December";"over 50 years";"2024";124;"person";"";
1410000;"Powiat łosicki";"as of the end of December";"long-term unemployed";"2024";261;"person";"";
1411000;"Powiat makowski";"as of the end of December";"total";"2024";2511;"person";"";
1411000;"Powiat makowski";"as of the end of December";"females";"2024";1149;"person";"";
1411000;"Powiat makowski";"as of the end of December";"males";"2024";1362;"person";"";
1411000;"Powiat makowski";"as of the end of December";"below 25 years";"2024";419;"person";"";
1411000;"Powiat makowski";"as of the end of December";"below 30 years";"2024";769;"person";"";
1411000;"Powiat makowski";"as of the end of December";"over 50 years";"2024";539;"person";"";
1411000;"Powiat makowski";"as of the end of December";"long-term unemployed";"2024";1672;"person";"";
1412000;"Powiat miński";"as of the end of December";"total";"2024";2035;"person";"";
1412000;"Powiat miński";"as of the end of December";"females";"2024";1036;"person";"";
1412000;"Powiat miński";"as of the end of December";"males";"2024";999;"person";"";
1412000;"Powiat miński";"as of the end of December";"below 25 years";"2024";260;"person";"";
1412000;"Powiat miński";"as of the end of December";"below 30 years";"2024";465;"person";"";
1412000;"Powiat miński";"as of the end of December";"over 50 years";"2024";592;"person";"";
1412000;"Powiat miński";"as of the end of December";"long-term unemployed";"2024";999;"person";"";
1413000;"Powiat mławski";"as of the end of December";"total";"2024";1646;"person";"";
1413000;"Powiat mławski";"as of the end of December";"females";"2024";870;"person";"";
1413000;"Powiat mławski";"as of the end of December";"males";"2024";776;"person";"";
1413000;"Powiat mławski";"as of the end of December";"below 25 years";"2024";232;"person";"";
1413000;"Powiat mławski";"as of the end of December";"below 30 years";"2024";432;"person";"";
1413000;"Powiat mławski";"as of the end of December";"over 50 years";"2024";453;"person";"";
1413000;"Powiat mławski";"as of the end of December";"long-term unemployed";"2024";777;"person";"";
1414000;"Powiat nowodworski";"as of the end of December";"total";"2024";1769;"person";"";
1414000;"Powiat nowodworski";"as of the end of December";"females";"2024";837;"person";"";
1414000;"Powiat nowodworski";"as of the end of December";"males";"2024";932;"person";"";
1414000;"Powiat nowodworski";"as of the end of December";"below 25 years";"2024";186;"person";"";
1414000;"Powiat nowodworski";"as of the end of December";"below 30 years";"2024";322;"person";"";
1414000;"Powiat nowodworski";"as of the end of December";"over 50 years";"2024";520;"person";"";
1414000;"Powiat nowodworski";"as of the end of December";"long-term unemployed";"2024";1027;"person";"";
1415000;"Powiat ostrołęcki";"as of the end of December";"total";"2024";2674;"person";"";
1415000;"Powiat ostrołęcki";"as of the end of December";"females";"2024";1357;"person";"";
1415000;"Powiat ostrołęcki";"as of the end of December";"males";"2024";1317;"person";"";
1415000;"Powiat ostrołęcki";"as of the end of December";"below 25 years";"2024";436;"person";"";
1415000;"Powiat ostrołęcki";"as of the end of December";"below 30 years";"2024";809;"person";"";
1415000;"Powiat ostrołęcki";"as of the end of December";"over 50 years";"2024";596;"person";"";
1415000;"Powiat ostrołęcki";"as of the end of December";"long-term unemployed";"2024";1395;"person";"";
1416000;"Powiat ostrowski";"as of the end of December";"total";"2024";2241;"person";"";
1416000;"Powiat ostrowski";"as of the end of December";"females";"2024";1083;"person";"";
1416000;"Powiat ostrowski";"as of the end of December";"males";"2024";1158;"person";"";
1416000;"Powiat ostrowski";"as of the end of December";"below 25 years";"2024";367;"person";"";
1416000;"Powiat ostrowski";"as of the end of December";"below 30 years";"2024";622;"person";"";
1416000;"Powiat ostrowski";"as of the end of December";"over 50 years";"2024";542;"person";"";
1416000;"Powiat ostrowski";"as of the end of December";"long-term unemployed";"2024";1296;"person";"";
1417000;"Powiat otwocki";"as of the end of December";"total";"2024";1588;"person";"";
1417000;"Powiat otwocki";"as of the end of December";"females";"2024";629;"person";"";
1417000;"Powiat otwocki";"as of the end of December";"males";"2024";959;"person";"";
1417000;"Powiat otwocki";"as of the end of December";"below 25 years";"2024";161;"person";"";
1417000;"Powiat otwocki";"as of the end of December";"below 30 years";"2024";291;"person";"";
1417000;"Powiat otwocki";"as of the end of December";"over 50 years";"2024";533;"person";"";
1417000;"Powiat otwocki";"as of the end of December";"long-term unemployed";"2024";651;"person";"";
1418000;"Powiat piaseczyński";"as of the end of December";"total";"2024";2795;"person";"";
1418000;"Powiat piaseczyński";"as of the end of December";"females";"2024";1226;"person";"";
1418000;"Powiat piaseczyński";"as of the end of December";"males";"2024";1569;"person";"";
1418000;"Powiat piaseczyński";"as of the end of December";"below 25 years";"2024";195;"person";"";
1418000;"Powiat piaseczyński";"as of the end of December";"below 30 years";"2024";419;"person";"";
1418000;"Powiat piaseczyński";"as of the end of December";"over 50 years";"2024";963;"person";"";
1418000;"Powiat piaseczyński";"as of the end of December";"long-term unemployed";"2024";1287;"person";"";
1419000;"Powiat płocki";"as of the end of December";"total";"2024";3133;"person";"";
1419000;"Powiat płocki";"as of the end of December";"females";"2024";1787;"person";"";
1419000;"Powiat płocki";"as of the end of December";"males";"2024";1346;"person";"";
1419000;"Powiat płocki";"as of the end of December";"below 25 years";"2024";391;"person";"";
1419000;"Powiat płocki";"as of the end of December";"below 30 years";"2024";733;"person";"";
1419000;"Powiat płocki";"as of the end of December";"over 50 years";"2024";930;"person";"";
1419000;"Powiat płocki";"as of the end of December";"long-term unemployed";"2024";1635;"person";"";
1420000;"Powiat płoński";"as of the end of December";"total";"2024";2890;"person";"";
1420000;"Powiat płoński";"as of the end of December";"females";"2024";1556;"person";"";
1420000;"Powiat płoński";"as of the end of December";"males";"2024";1334;"person";"";
1420000;"Powiat płoński";"as of the end of December";"below 25 years";"2024";479;"person";"";
1420000;"Powiat płoński";"as of the end of December";"below 30 years";"2024";819;"person";"";
1420000;"Powiat płoński";"as of the end of December";"over 50 years";"2024";697;"person";"";
1420000;"Powiat płoński";"as of the end of December";"long-term unemployed";"2024";1670;"person";"";
1421000;"Powiat pruszkowski";"as of the end of December";"total";"2024";1684;"person";"";
1421000;"Powiat pruszkowski";"as of the end of December";"females";"2024";800;"person";"";
1421000;"Powiat pruszkowski";"as of the end of December";"males";"2024";884;"person";"";
1421000;"Powiat pruszkowski";"as of the end of December";"below 25 years";"2024";110;"person";"";
1421000;"Powiat pruszkowski";"as of the end of December";"below 30 years";"2024";260;"person";"";
1421000;"Powiat pruszkowski";"as of the end of December";"over 50 years";"2024";537;"person";"";
1421000;"Powiat pruszkowski";"as of the end of December";"long-term unemployed";"2024";592;"person";"";
1422000;"Powiat przasnyski";"as of the end of December";"total";"2024";1628;"person";"";
1422000;"Powiat przasnyski";"as of the end of December";"females";"2024";857;"person";"";
1422000;"Powiat przasnyski";"as of the end of December";"males";"2024";771;"person";"";
1422000;"Powiat przasnyski";"as of the end of December";"below 25 years";"2024";272;"person";"";
1422000;"Powiat przasnyski";"as of the end of December";"below 30 years";"2024";487;"person";"";
1422000;"Powiat przasnyski";"as of the end of December";"over 50 years";"2024";384;"person";"";
1422000;"Powiat przasnyski";"as of the end of December";"long-term unemployed";"2024";992;"person";"";
1423000;"Powiat przysuski";"as of the end of December";"total";"2024";2456;"person";"";
1423000;"Powiat przysuski";"as of the end of December";"females";"2024";1038;"person";"";
1423000;"Powiat przysuski";"as of the end of December";"males";"2024";1418;"person";"";
1423000;"Powiat przysuski";"as of the end of December";"below 25 years";"2024";377;"person";"";
1423000;"Powiat przysuski";"as of the end of December";"below 30 years";"2024";670;"person";"";
1423000;"Powiat przysuski";"as of the end of December";"over 50 years";"2024";658;"person";"";
1423000;"Powiat przysuski";"as of the end of December";"long-term unemployed";"2024";1628;"person";"";
1424000;"Powiat pułtuski";"as of the end of December";"total";"2024";2326;"person";"";
1424000;"Powiat pułtuski";"as of the end of December";"females";"2024";1117;"person";"";
1424000;"Powiat pułtuski";"as of the end of December";"males";"2024";1209;"person";"";
1424000;"Powiat pułtuski";"as of the end of December";"below 25 years";"2024";350;"person";"";
1424000;"Powiat pułtuski";"as of the end of December";"below 30 years";"2024";596;"person";"";
1424000;"Powiat pułtuski";"as of the end of December";"over 50 years";"2024";513;"person";"";
1424000;"Powiat pułtuski";"as of the end of December";"long-term unemployed";"2024";1420;"person";"";
1425000;"Powiat radomski";"as of the end of December";"total";"2024";7304;"person";"";
1425000;"Powiat radomski";"as of the end of December";"females";"2024";3464;"person";"";
1425000;"Powiat radomski";"as of the end of December";"males";"2024";3840;"person";"";
1425000;"Powiat radomski";"as of the end of December";"below 25 years";"2024";992;"person";"";
1425000;"Powiat radomski";"as of the end of December";"below 30 years";"2024";1833;"person";"";
1425000;"Powiat radomski";"as of the end of December";"over 50 years";"2024";1753;"person";"";
1425000;"Powiat radomski";"as of the end of December";"long-term unemployed";"2024";4183;"person";"";
1426000;"Powiat siedlecki";"as of the end of December";"total";"2024";1287;"person";"";
1426000;"Powiat siedlecki";"as of the end of December";"females";"2024";623;"person";"";
1426000;"Powiat siedlecki";"as of the end of December";"males";"2024";664;"person";"";
1426000;"Powiat siedlecki";"as of the end of December";"below 25 years";"2024";181;"person";"";
1426000;"Powiat siedlecki";"as of the end of December";"below 30 years";"2024";362;"person";"";
1426000;"Powiat siedlecki";"as of the end of December";"over 50 years";"2024";334;"person";"";
1426000;"Powiat siedlecki";"as of the end of December";"long-term unemployed";"2024";611;"person";"";
1427000;"Powiat sierpecki";"as of the end of December";"total";"2024";2010;"person";"";
1427000;"Powiat sierpecki";"as of the end of December";"females";"2024";1085;"person";"";
1427000;"Powiat sierpecki";"as of the end of December";"males";"2024";925;"person";"";
1427000;"Powiat sierpecki";"as of the end of December";"below 25 years";"2024";281;"person";"";
1427000;"Powiat sierpecki";"as of the end of December";"below 30 years";"2024";520;"person";"";
1427000;"Powiat sierpecki";"as of the end of December";"over 50 years";"2024";538;"person";"";
1427000;"Powiat sierpecki";"as of the end of December";"long-term unemployed";"2024";1142;"person";"";
1428000;"Powiat sochaczewski";"as of the end of December";"total";"2024";848;"person";"";
1428000;"Powiat sochaczewski";"as of the end of December";"females";"2024";454;"person";"";
1428000;"Powiat sochaczewski";"as of the end of December";"males";"2024";394;"person";"";
1428000;"Powiat sochaczewski";"as of the end of December";"below 25 years";"2024";118;"person";"";
1428000;"Powiat sochaczewski";"as of the end of December";"below 30 years";"2024";220;"person";"";
1428000;"Powiat sochaczewski";"as of the end of December";"over 50 years";"2024";202;"person";"";
1428000;"Powiat sochaczewski";"as of the end of December";"long-term unemployed";"2024";183;"person";"";
1429000;"Powiat sokołowski";"as of the end of December";"total";"2024";1045;"person";"";
1429000;"Powiat sokołowski";"as of the end of December";"females";"2024";482;"person";"";
1429000;"Powiat sokołowski";"as of the end of December";"males";"2024";563;"person";"";
1429000;"Powiat sokołowski";"as of the end of December";"below 25 years";"2024";166;"person";"";
1429000;"Powiat sokołowski";"as of the end of December";"below 30 years";"2024";310;"person";"";
1429000;"Powiat sokołowski";"as of the end of December";"over 50 years";"2024";204;"person";"";
1429000;"Powiat sokołowski";"as of the end of December";"long-term unemployed";"2024";507;"person";"";
1430000;"Powiat szydłowiecki";"as of the end of December";"total";"2024";2852;"person";"";
1430000;"Powiat szydłowiecki";"as of the end of December";"females";"2024";1416;"person";"";
1430000;"Powiat szydłowiecki";"as of the end of December";"males";"2024";1436;"person";"";
1430000;"Powiat szydłowiecki";"as of the end of December";"below 25 years";"2024";311;"person";"";
1430000;"Powiat szydłowiecki";"as of the end of December";"below 30 years";"2024";616;"person";"";
1430000;"Powiat szydłowiecki";"as of the end of December";"over 50 years";"2024";780;"person";"";
1430000;"Powiat szydłowiecki";"as of the end of December";"long-term unemployed";"2024";1860;"person";"";
1432000;"Powiat warszawski zachodni";"as of the end of December";"total";"2024";1064;"person";"";
1432000;"Powiat warszawski zachodni";"as of the end of December";"females";"2024";503;"person";"";
1432000;"Powiat warszawski zachodni";"as of the end of December";"males";"2024";561;"person";"";
1432000;"Powiat warszawski zachodni";"as of the end of December";"below 25 years";"2024";94;"person";"";
1432000;"Powiat warszawski zachodni";"as of the end of December";"below 30 years";"2024";186;"person";"";
1432000;"Powiat warszawski zachodni";"as of the end of December";"over 50 years";"2024";370;"person";"";
1432000;"Powiat warszawski zachodni";"as of the end of December";"long-term unemployed";"2024";482;"person";"";
1433000;"Powiat węgrowski";"as of the end of December";"total";"2024";1090;"person";"";
1433000;"Powiat węgrowski";"as of the end of December";"females";"2024";534;"person";"";
1433000;"Powiat węgrowski";"as of the end of December";"males";"2024";556;"person";"";
1433000;"Powiat węgrowski";"as of the end of December";"below 25 years";"2024";176;"person";"";
1433000;"Powiat węgrowski";"as of the end of December";"below 30 years";"2024";298;"person";"";
1433000;"Powiat węgrowski";"as of the end of December";"over 50 years";"2024";277;"person";"";
1433000;"Powiat węgrowski";"as of the end of December";"long-term unemployed";"2024";525;"person";"";
1434000;"Powiat wołomiński";"as of the end of December";"total";"2024";4504;"person";"";
1434000;"Powiat wołomiński";"as of the end of December";"females";"2024";2056;"person";"";
1434000;"Powiat wołomiński";"as of the end of December";"males";"2024";2448;"person";"";
1434000;"Powiat wołomiński";"as of the end of December";"below 25 years";"2024";473;"person";"";
1434000;"Powiat wołomiński";"as of the end of December";"below 30 years";"2024";951;"person";"";
1434000;"Powiat wołomiński";"as of the end of December";"over 50 years";"2024";1270;"person";"";
1434000;"Powiat wołomiński";"as of the end of December";"long-term unemployed";"2024";2057;"person";"";
1435000;"Powiat wyszkowski";"as of the end of December";"total";"2024";979;"person";"";
1435000;"Powiat wyszkowski";"as of the end of December";"females";"2024";529;"person";"";
1435000;"Powiat wyszkowski";"as of the end of December";"males";"2024";450;"person";"";
1435000;"Powiat wyszkowski";"as of the end of December";"below 25 years";"2024";215;"person";"";
1435000;"Powiat wyszkowski";"as of the end of December";"below 30 years";"2024";320;"person";"";
1435000;"Powiat wyszkowski";"as of the end of December";"over 50 years";"2024";244;"person";"";
1435000;"Powiat wyszkowski";"as of the end of December";"long-term unemployed";"2024";280;"person";"";
1436000;"Powiat zwoleński";"as of the end of December";"total";"2024";1476;"person";"";
1436000;"Powiat zwoleński";"as of the end of December";"females";"2024";749;"person";"";
1436000;"Powiat zwoleński";"as of the end of December";"males";"2024";727;"person";"";
1436000;"Powiat zwoleński";"as of the end of December";"below 25 years";"2024";296;"person";"";
1436000;"Powiat zwoleński";"as of the end of December";"below 30 years";"2024";482;"person";"";
1436000;"Powiat zwoleński";"as of the end of December";"over 50 years";"2024";338;"person";"";
1436000;"Powiat zwoleński";"as of the end of December";"long-term unemployed";"2024";761;"person";"";
1437000;"Powiat żuromiński";"as of the end of December";"total";"2024";1773;"person";"";
1437000;"Powiat żuromiński";"as of the end of December";"females";"2024";915;"person";"";
1437000;"Powiat żuromiński";"as of the end of December";"males";"2024";858;"person";"";
1437000;"Powiat żuromiński";"as of the end of December";"below 25 years";"2024";243;"person";"";
1437000;"Powiat żuromiński";"as of the end of December";"below 30 years";"2024";450;"person";"";
1437000;"Powiat żuromiński";"as of the end of December";"over 50 years";"2024";477;"person";"";
1437000;"Powiat żuromiński";"as of the end of December";"long-term unemployed";"2024";1073;"person";"";
1438000;"Powiat żyrardowski";"as of the end of December";"total";"2024";2376;"person";"";
1438000;"Powiat żyrardowski";"as of the end of December";"females";"2024";1097;"person";"";
1438000;"Powiat żyrardowski";"as of the end of December";"males";"2024";1279;"person";"";
1438000;"Powiat żyrardowski";"as of the end of December";"below 25 years";"2024";234;"person";"";
1438000;"Powiat żyrardowski";"as of the end of December";"below 30 years";"2024";449;"person";"";
1438000;"Powiat żyrardowski";"as of the end of December";"over 50 years";"2024";648;"person";"";
1438000;"Powiat żyrardowski";"as of the end of December";"long-term unemployed";"2024";1422;"person";"";
1461000;"City with powiat status Ostrołęka";"as of the end of December";"total";"2024";1576;"person";"";
1461000;"City with powiat status Ostrołęka";"as of the end of December";"females";"2024";770;"person";"";
1461000;"City with powiat status Ostrołęka";"as of the end of December";"males";"2024";806;"person";"";
1461000;"City with powiat status Ostrołęka";"as of the end of December";"below 25 years";"2024";152;"person";"";
1461000;"City with powiat status Ostrołęka";"as of the end of December";"below 30 years";"2024";288;"person";"";
1461000;"City with powiat status Ostrołęka";"as of the end of December";"over 50 years";"2024";453;"person";"";
1461000;"City with powiat status Ostrołęka";"as of the end of December";"long-term unemployed";"2024";884;"person";"";
1462000;"City with powiat status Płock";"as of the end of December";"total";"2024";2917;"person";"";
1462000;"City with powiat status Płock";"as of the end of December";"females";"2024";1702;"person";"";
1462000;"City with powiat status Płock";"as of the end of December";"males";"2024";1215;"person";"";
1462000;"City with powiat status Płock";"as of the end of December";"below 25 years";"2024";200;"person";"";
1462000;"City with powiat status Płock";"as of the end of December";"below 30 years";"2024";485;"person";"";
1462000;"City with powiat status Płock";"as of the end of December";"over 50 years";"2024";953;"person";"";
1462000;"City with powiat status Płock";"as of the end of December";"long-term unemployed";"2024";1593;"person";"";
1463000;"City with powiat status Radom";"as of the end of December";"total";"2024";8032;"person";"";
1463000;"City with powiat status Radom";"as of the end of December";"females";"2024";3710;"person";"";
1463000;"City with powiat status Radom";"as of the end of December";"males";"2024";4322;"person";"";
1463000;"City with powiat status Radom";"as of the end of December";"below 25 years";"2024";656;"person";"";
1463000;"City with powiat status Radom";"as of the end of December";"below 30 years";"2024";1397;"person";"";
1463000;"City with powiat status Radom";"as of the end of December";"over 50 years";"2024";2425;"person";"";
1463000;"City with powiat status Radom";"as of the end of December";"long-term unemployed";"2024";4415;"person";"";
1464000;"City with powiat status Siedlce";"as of the end of December";"total";"2024";1304;"person";"";
1464000;"City with powiat status Siedlce";"as of the end of December";"females";"2024";628;"person";"";
1464000;"City with powiat status Siedlce";"as of the end of December";"males";"2024";676;"person";"";
1464000;"City with powiat status Siedlce";"as of the end of December";"below 25 years";"2024";110;"person";"";
1464000;"City with powiat status Siedlce";"as of the end of December";"below 30 years";"2024";237;"person";"";
1464000;"City with powiat status Siedlce";"as of the end of December";"over 50 years";"2024";357;"person";"";
1464000;"City with powiat status Siedlce";"as of the end of December";"long-term unemployed";"2024";648;"person";"";
1465000;"City with powiat status Capital City Warszawa";"as of the end of December";"total";"2024";18713;"person";"";
1465000;"City with powiat status Capital City Warszawa";"as of the end of December";"females";"2024";8838;"person";"";
1465000;"City with powiat status Capital City Warszawa";"as of the end of December";"males";"2024";9875;"person";"";
1465000;"City with powiat status Capital City Warszawa";"as of the end of December";"below 25 years";"2024";1025;"person";"";
1465000;"City with powiat status Capital City Warszawa";"as of the end of December";"below 30 years";"2024";2591;"person";"";
1465000;"City with powiat status Capital City Warszawa";"as of the end of December";"over 50 years";"2024";6209;"person";"";
1465000;"City with powiat status Capital City Warszawa";"as of the end of December";"long-term unemployed";"2024";7393;"person";"";
1600000;"OPOLSKIE";"as of the end of December";"total";"2024";19997;"person";"";
1600000;"OPOLSKIE";"as of the end of December";"females";"2024";10656;"person";"";
1600000;"OPOLSKIE";"as of the end of December";"males";"2024";9341;"person";"";
1600000;"OPOLSKIE";"as of the end of December";"below 25 years";"2024";2240;"person";"";
1600000;"OPOLSKIE";"as of the end of December";"below 30 years";"2024";4312;"person";"";
1600000;"OPOLSKIE";"as of the end of December";"over 50 years";"2024";6126;"person";"";
1600000;"OPOLSKIE";"as of the end of December";"long-term unemployed";"2024";10042;"person";"";
1601000;"Powiat brzeski";"as of the end of December";"total";"2024";2262;"person";"";
1601000;"Powiat brzeski";"as of the end of December";"females";"2024";1225;"person";"";
1601000;"Powiat brzeski";"as of the end of December";"males";"2024";1037;"person";"";
1601000;"Powiat brzeski";"as of the end of December";"below 25 years";"2024";252;"person";"";
1601000;"Powiat brzeski";"as of the end of December";"below 30 years";"2024";506;"person";"";
1601000;"Powiat brzeski";"as of the end of December";"over 50 years";"2024";639;"person";"";
1601000;"Powiat brzeski";"as of the end of December";"long-term unemployed";"2024";1070;"person";"";
1602000;"Powiat głubczycki";"as of the end of December";"total";"2024";1279;"person";"";
1602000;"Powiat głubczycki";"as of the end of December";"females";"2024";642;"person";"";
1602000;"Powiat głubczycki";"as of the end of December";"males";"2024";637;"person";"";
1602000;"Powiat głubczycki";"as of the end of December";"below 25 years";"2024";133;"person";"";
1602000;"Powiat głubczycki";"as of the end of December";"below 30 years";"2024";256;"person";"";
1602000;"Powiat głubczycki";"as of the end of December";"over 50 years";"2024";408;"person";"";
1602000;"Powiat głubczycki";"as of the end of December";"long-term unemployed";"2024";734;"person";"";
1603000;"Powiat kędzierzyńsko-kozielski";"as of the end of December";"total";"2024";1963;"person";"";
1603000;"Powiat kędzierzyńsko-kozielski";"as of the end of December";"females";"2024";1065;"person";"";
1603000;"Powiat kędzierzyńsko-kozielski";"as of the end of December";"males";"2024";898;"person";"";
1603000;"Powiat kędzierzyńsko-kozielski";"as of the end of December";"below 25 years";"2024";199;"person";"";
1603000;"Powiat kędzierzyńsko-kozielski";"as of the end of December";"below 30 years";"2024";411;"person";"";
1603000;"Powiat kędzierzyńsko-kozielski";"as of the end of December";"over 50 years";"2024";672;"person";"";
1603000;"Powiat kędzierzyńsko-kozielski";"as of the end of December";"long-term unemployed";"2024";1083;"person";"";
1604000;"Powiat kluczborski";"as of the end of December";"total";"2024";1289;"person";"";
1604000;"Powiat kluczborski";"as of the end of December";"females";"2024";748;"person";"";
1604000;"Powiat kluczborski";"as of the end of December";"males";"2024";541;"person";"";
1604000;"Powiat kluczborski";"as of the end of December";"below 25 years";"2024";150;"person";"";
1604000;"Powiat kluczborski";"as of the end of December";"below 30 years";"2024";273;"person";"";
1604000;"Powiat kluczborski";"as of the end of December";"over 50 years";"2024";355;"person";"";
1604000;"Powiat kluczborski";"as of the end of December";"long-term unemployed";"2024";742;"person";"";
1605000;"Powiat krapkowicki";"as of the end of December";"total";"2024";1176;"person";"";
1605000;"Powiat krapkowicki";"as of the end of December";"females";"2024";704;"person";"";
1605000;"Powiat krapkowicki";"as of the end of December";"males";"2024";472;"person";"";
1605000;"Powiat krapkowicki";"as of the end of December";"below 25 years";"2024";129;"person";"";
1605000;"Powiat krapkowicki";"as of the end of December";"below 30 years";"2024";262;"person";"";
1605000;"Powiat krapkowicki";"as of the end of December";"over 50 years";"2024";348;"person";"";
1605000;"Powiat krapkowicki";"as of the end of December";"long-term unemployed";"2024";651;"person";"";
1606000;"Powiat namysłowski";"as of the end of December";"total";"2024";1247;"person";"";
1606000;"Powiat namysłowski";"as of the end of December";"females";"2024";739;"person";"";
1606000;"Powiat namysłowski";"as of the end of December";"males";"2024";508;"person";"";
1606000;"Powiat namysłowski";"as of the end of December";"below 25 years";"2024";153;"person";"";
1606000;"Powiat namysłowski";"as of the end of December";"below 30 years";"2024";313;"person";"";
1606000;"Powiat namysłowski";"as of the end of December";"over 50 years";"2024";315;"person";"";
1606000;"Powiat namysłowski";"as of the end of December";"long-term unemployed";"2024";708;"person";"";
1607000;"Powiat nyski";"as of the end of December";"total";"2024";2746;"person";"";
1607000;"Powiat nyski";"as of the end of December";"females";"2024";1406;"person";"";
1607000;"Powiat nyski";"as of the end of December";"males";"2024";1340;"person";"";
1607000;"Powiat nyski";"as of the end of December";"below 25 years";"2024";257;"person";"";
1607000;"Powiat nyski";"as of the end of December";"below 30 years";"2024";513;"person";"";
1607000;"Powiat nyski";"as of the end of December";"over 50 years";"2024";927;"person";"";
1607000;"Powiat nyski";"as of the end of December";"long-term unemployed";"2024";1260;"person";"";
1608000;"Powiat oleski";"as of the end of December";"total";"2024";1028;"person";"";
1608000;"Powiat oleski";"as of the end of December";"females";"2024";593;"person";"";
1608000;"Powiat oleski";"as of the end of December";"males";"2024";435;"person";"";
1608000;"Powiat oleski";"as of the end of December";"below 25 years";"2024";175;"person";"";
1608000;"Powiat oleski";"as of the end of December";"below 30 years";"2024";269;"person";"";
1608000;"Powiat oleski";"as of the end of December";"over 50 years";"2024";305;"person";"";
1608000;"Powiat oleski";"as of the end of December";"long-term unemployed";"2024";499;"person";"";
1609000;"Powiat opolski";"as of the end of December";"total";"2024";1945;"person";"";
1609000;"Powiat opolski";"as of the end of December";"females";"2024";958;"person";"";
1609000;"Powiat opolski";"as of the end of December";"males";"2024";987;"person";"";
1609000;"Powiat opolski";"as of the end of December";"below 25 years";"2024";247;"person";"";
1609000;"Powiat opolski";"as of the end of December";"below 30 years";"2024";458;"person";"";
1609000;"Powiat opolski";"as of the end of December";"over 50 years";"2024";596;"person";"";
1609000;"Powiat opolski";"as of the end of December";"long-term unemployed";"2024";888;"person";"";
1610000;"Powiat prudnicki";"as of the end of December";"total";"2024";1560;"person";"";
1610000;"Powiat prudnicki";"as of the end of December";"females";"2024";787;"person";"";
1610000;"Powiat prudnicki";"as of the end of December";"males";"2024";773;"person";"";
1610000;"Powiat prudnicki";"as of the end of December";"below 25 years";"2024";231;"person";"";
1610000;"Powiat prudnicki";"as of the end of December";"below 30 years";"2024";386;"person";"";
1610000;"Powiat prudnicki";"as of the end of December";"over 50 years";"2024";452;"person";"";
1610000;"Powiat prudnicki";"as of the end of December";"long-term unemployed";"2024";881;"person";"";
1611000;"Powiat strzelecki";"as of the end of December";"total";"2024";1254;"person";"";
1611000;"Powiat strzelecki";"as of the end of December";"females";"2024";618;"person";"";
1611000;"Powiat strzelecki";"as of the end of December";"males";"2024";636;"person";"";
1611000;"Powiat strzelecki";"as of the end of December";"below 25 years";"2024";148;"person";"";
1611000;"Powiat strzelecki";"as of the end of December";"below 30 years";"2024";274;"person";"";
1611000;"Powiat strzelecki";"as of the end of December";"over 50 years";"2024";411;"person";"";
1611000;"Powiat strzelecki";"as of the end of December";"long-term unemployed";"2024";488;"person";"";
1661000;"City with powiat status Opole";"as of the end of December";"total";"2024";2248;"person";"";
1661000;"City with powiat status Opole";"as of the end of December";"females";"2024";1171;"person";"";
1661000;"City with powiat status Opole";"as of the end of December";"males";"2024";1077;"person";"";
1661000;"City with powiat status Opole";"as of the end of December";"below 25 years";"2024";166;"person";"";
1661000;"City with powiat status Opole";"as of the end of December";"below 30 years";"2024";391;"person";"";
1661000;"City with powiat status Opole";"as of the end of December";"over 50 years";"2024";698;"person";"";
1661000;"City with powiat status Opole";"as of the end of December";"long-term unemployed";"2024";1038;"person";"";
1800000;"PODKARPACKIE";"as of the end of December";"total";"2024";67336;"person";"";
1800000;"PODKARPACKIE";"as of the end of December";"females";"2024";33994;"person";"";
1800000;"PODKARPACKIE";"as of the end of December";"males";"2024";33342;"person";"";
1800000;"PODKARPACKIE";"as of the end of December";"below 25 years";"2024";9732;"person";"";
1800000;"PODKARPACKIE";"as of the end of December";"below 30 years";"2024";17915;"person";"";
1800000;"PODKARPACKIE";"as of the end of December";"over 50 years";"2024";16634;"person";"";
1800000;"PODKARPACKIE";"as of the end of December";"long-term unemployed";"2024";37056;"person";"";
1801000;"Powiat bieszczadzki";"as of the end of December";"total";"2024";1130;"person";"";
1801000;"Powiat bieszczadzki";"as of the end of December";"females";"2024";538;"person";"";
1801000;"Powiat bieszczadzki";"as of the end of December";"males";"2024";592;"person";"";
1801000;"Powiat bieszczadzki";"as of the end of December";"below 25 years";"2024";167;"person";"";
1801000;"Powiat bieszczadzki";"as of the end of December";"below 30 years";"2024";316;"person";"";
1801000;"Powiat bieszczadzki";"as of the end of December";"over 50 years";"2024";247;"person";"";
1801000;"Powiat bieszczadzki";"as of the end of December";"long-term unemployed";"2024";662;"person";"";
1802000;"Powiat brzozowski";"as of the end of December";"total";"2024";3780;"person";"";
1802000;"Powiat brzozowski";"as of the end of December";"females";"2024";1833;"person";"";
1802000;"Powiat brzozowski";"as of the end of December";"males";"2024";1947;"person";"";
1802000;"Powiat brzozowski";"as of the end of December";"below 25 years";"2024";590;"person";"";
1802000;"Powiat brzozowski";"as of the end of December";"below 30 years";"2024";1035;"person";"";
1802000;"Powiat brzozowski";"as of the end of December";"over 50 years";"2024";903;"person";"";
1802000;"Powiat brzozowski";"as of the end of December";"long-term unemployed";"2024";2410;"person";"";
1803000;"Powiat dębicki";"as of the end of December";"total";"2024";2247;"person";"";
1803000;"Powiat dębicki";"as of the end of December";"females";"2024";1355;"person";"";
1803000;"Powiat dębicki";"as of the end of December";"males";"2024";892;"person";"";
1803000;"Powiat dębicki";"as of the end of December";"below 25 years";"2024";426;"person";"";
1803000;"Powiat dębicki";"as of the end of December";"below 30 years";"2024";710;"person";"";
1803000;"Powiat dębicki";"as of the end of December";"over 50 years";"2024";528;"person";"";
1803000;"Powiat dębicki";"as of the end of December";"long-term unemployed";"2024";964;"person";"";
1804000;"Powiat jarosławski";"as of the end of December";"total";"2024";4489;"person";"";
1804000;"Powiat jarosławski";"as of the end of December";"females";"2024";2302;"person";"";
1804000;"Powiat jarosławski";"as of the end of December";"males";"2024";2187;"person";"";
1804000;"Powiat jarosławski";"as of the end of December";"below 25 years";"2024";666;"person";"";
1804000;"Powiat jarosławski";"as of the end of December";"below 30 years";"2024";1195;"person";"";
1804000;"Powiat jarosławski";"as of the end of December";"over 50 years";"2024";1102;"person";"";
1804000;"Powiat jarosławski";"as of the end of December";"long-term unemployed";"2024";2461;"person";"";
1805000;"Powiat jasielski";"as of the end of December";"total";"2024";4919;"person";"";
1805000;"Powiat jasielski";"as of the end of December";"females";"2024";2797;"person";"";
1805000;"Powiat jasielski";"as of the end of December";"males";"2024";2122;"person";"";
1805000;"Powiat jasielski";"as of the end of December";"below 25 years";"2024";727;"person";"";
1805000;"Powiat jasielski";"as of the end of December";"below 30 years";"2024";1284;"person";"";
1805000;"Powiat jasielski";"as of the end of December";"over 50 years";"2024";1157;"person";"";
1805000;"Powiat jasielski";"as of the end of December";"long-term unemployed";"2024";2990;"person";"";
1806000;"Powiat kolbuszowski";"as of the end of December";"total";"2024";1536;"person";"";
1806000;"Powiat kolbuszowski";"as of the end of December";"females";"2024";709;"person";"";
1806000;"Powiat kolbuszowski";"as of the end of December";"males";"2024";827;"person";"";
1806000;"Powiat kolbuszowski";"as of the end of December";"below 25 years";"2024";241;"person";"";
1806000;"Powiat kolbuszowski";"as of the end of December";"below 30 years";"2024";431;"person";"";
1806000;"Powiat kolbuszowski";"as of the end of December";"over 50 years";"2024";416;"person";"";
1806000;"Powiat kolbuszowski";"as of the end of December";"long-term unemployed";"2024";720;"person";"";
1807000;"Powiat krośnieński";"as of the end of December";"total";"2024";2356;"person";"";
1807000;"Powiat krośnieński";"as of the end of December";"females";"2024";1304;"person";"";
1807000;"Powiat krośnieński";"as of the end of December";"males";"2024";1052;"person";"";
1807000;"Powiat krośnieński";"as of the end of December";"below 25 years";"2024";316;"person";"";
1807000;"Powiat krośnieński";"as of the end of December";"below 30 years";"2024";641;"person";"";
1807000;"Powiat krośnieński";"as of the end of December";"over 50 years";"2024";606;"person";"";
1807000;"Powiat krośnieński";"as of the end of December";"long-term unemployed";"2024";1020;"person";"";
1808000;"Powiat leżajski";"as of the end of December";"total";"2024";2975;"person";"";
1808000;"Powiat leżajski";"as of the end of December";"females";"2024";1524;"person";"";
1808000;"Powiat leżajski";"as of the end of December";"males";"2024";1451;"person";"";
1808000;"Powiat leżajski";"as of the end of December";"below 25 years";"2024";473;"person";"";
1808000;"Powiat leżajski";"as of the end of December";"below 30 years";"2024";882;"person";"";
1808000;"Powiat leżajski";"as of the end of December";"over 50 years";"2024";679;"person";"";
1808000;"Powiat leżajski";"as of the end of December";"long-term unemployed";"2024";1705;"person";"";
1809000;"Powiat lubaczowski";"as of the end of December";"total";"2024";1704;"person";"";
1809000;"Powiat lubaczowski";"as of the end of December";"females";"2024";780;"person";"";
1809000;"Powiat lubaczowski";"as of the end of December";"males";"2024";924;"person";"";
1809000;"Powiat lubaczowski";"as of the end of December";"below 25 years";"2024";314;"person";"";
1809000;"Powiat lubaczowski";"as of the end of December";"below 30 years";"2024";495;"person";"";
1809000;"Powiat lubaczowski";"as of the end of December";"over 50 years";"2024";470;"person";"";
1809000;"Powiat lubaczowski";"as of the end of December";"long-term unemployed";"2024";898;"person";"";
1810000;"Powiat łańcucki";"as of the end of December";"total";"2024";2519;"person";"";
1810000;"Powiat łańcucki";"as of the end of December";"females";"2024";1195;"person";"";
1810000;"Powiat łańcucki";"as of the end of December";"males";"2024";1324;"person";"";
1810000;"Powiat łańcucki";"as of the end of December";"below 25 years";"2024";423;"person";"";
1810000;"Powiat łańcucki";"as of the end of December";"below 30 years";"2024";765;"person";"";
1810000;"Powiat łańcucki";"as of the end of December";"over 50 years";"2024";599;"person";"";
1810000;"Powiat łańcucki";"as of the end of December";"long-term unemployed";"2024";1223;"person";"";
1811000;"Powiat mielecki";"as of the end of December";"total";"2024";3075;"person";"";
1811000;"Powiat mielecki";"as of the end of December";"females";"2024";1506;"person";"";
1811000;"Powiat mielecki";"as of the end of December";"males";"2024";1569;"person";"";
1811000;"Powiat mielecki";"as of the end of December";"below 25 years";"2024";501;"person";"";
1811000;"Powiat mielecki";"as of the end of December";"below 30 years";"2024";832;"person";"";
1811000;"Powiat mielecki";"as of the end of December";"over 50 years";"2024";756;"person";"";
1811000;"Powiat mielecki";"as of the end of December";"long-term unemployed";"2024";1490;"person";"";
1812000;"Powiat niżański";"as of the end of December";"total";"2024";2929;"person";"";
1812000;"Powiat niżański";"as of the end of December";"females";"2024";1452;"person";"";
1812000;"Powiat niżański";"as of the end of December";"males";"2024";1477;"person";"";
1812000;"Powiat niżański";"as of the end of December";"below 25 years";"2024";439;"person";"";
1812000;"Powiat niżański";"as of the end of December";"below 30 years";"2024";791;"person";"";
1812000;"Powiat niżański";"as of the end of December";"over 50 years";"2024";695;"person";"";
1812000;"Powiat niżański";"as of the end of December";"long-term unemployed";"2024";1647;"person";"";
1813000;"Powiat przemyski";"as of the end of December";"total";"2024";2958;"person";"";
1813000;"Powiat przemyski";"as of the end of December";"females";"2024";1459;"person";"";
1813000;"Powiat przemyski";"as of the end of December";"males";"2024";1499;"person";"";
1813000;"Powiat przemyski";"as of the end of December";"below 25 years";"2024";414;"person";"";
1813000;"Powiat przemyski";"as of the end of December";"below 30 years";"2024";789;"person";"";
1813000;"Powiat przemyski";"as of the end of December";"over 50 years";"2024";732;"person";"";
1813000;"Powiat przemyski";"as of the end of December";"long-term unemployed";"2024";1725;"person";"";
1814000;"Powiat przeworski";"as of the end of December";"total";"2024";3337;"person";"";
1814000;"Powiat przeworski";"as of the end of December";"females";"2024";1750;"person";"";
1814000;"Powiat przeworski";"as of the end of December";"males";"2024";1587;"person";"";
1814000;"Powiat przeworski";"as of the end of December";"below 25 years";"2024";495;"person";"";
1814000;"Powiat przeworski";"as of the end of December";"below 30 years";"2024";929;"person";"";
1814000;"Powiat przeworski";"as of the end of December";"over 50 years";"2024";736;"person";"";
1814000;"Powiat przeworski";"as of the end of December";"long-term unemployed";"2024";1962;"person";"";
1815000;"Powiat ropczycko-sędziszowski";"as of the end of December";"total";"2024";2673;"person";"";
1815000;"Powiat ropczycko-sędziszowski";"as of the end of December";"females";"2024";1378;"person";"";
1815000;"Powiat ropczycko-sędziszowski";"as of the end of December";"males";"2024";1295;"person";"";
1815000;"Powiat ropczycko-sędziszowski";"as of the end of December";"below 25 years";"2024";531;"person";"";
1815000;"Powiat ropczycko-sędziszowski";"as of the end of December";"below 30 years";"2024";859;"person";"";
1815000;"Powiat ropczycko-sędziszowski";"as of the end of December";"over 50 years";"2024";576;"person";"";
1815000;"Powiat ropczycko-sędziszowski";"as of the end of December";"long-term unemployed";"2024";1339;"person";"";
1816000;"Powiat rzeszowski";"as of the end of December";"total";"2024";4540;"person";"";
1816000;"Powiat rzeszowski";"as of the end of December";"females";"2024";2159;"person";"";
1816000;"Powiat rzeszowski";"as of the end of December";"males";"2024";2381;"person";"";
1816000;"Powiat rzeszowski";"as of the end of December";"below 25 years";"2024";647;"person";"";
1816000;"Powiat rzeszowski";"as of the end of December";"below 30 years";"2024";1224;"person";"";
1816000;"Powiat rzeszowski";"as of the end of December";"over 50 years";"2024";1111;"person";"";
1816000;"Powiat rzeszowski";"as of the end of December";"long-term unemployed";"2024";2517;"person";"";
1817000;"Powiat sanocki";"as of the end of December";"total";"2024";2881;"person";"";
1817000;"Powiat sanocki";"as of the end of December";"females";"2024";1404;"person";"";
1817000;"Powiat sanocki";"as of the end of December";"males";"2024";1477;"person";"";
1817000;"Powiat sanocki";"as of the end of December";"below 25 years";"2024";431;"person";"";
1817000;"Powiat sanocki";"as of the end of December";"below 30 years";"2024";793;"person";"";
1817000;"Powiat sanocki";"as of the end of December";"over 50 years";"2024";673;"person";"";
1817000;"Powiat sanocki";"as of the end of December";"long-term unemployed";"2024";1522;"person";"";
1818000;"Powiat stalowowolski";"as of the end of December";"total";"2024";2098;"person";"";
1818000;"Powiat stalowowolski";"as of the end of December";"females";"2024";1083;"person";"";
1818000;"Powiat stalowowolski";"as of the end of December";"males";"2024";1015;"person";"";
1818000;"Powiat stalowowolski";"as of the end of December";"below 25 years";"2024";274;"person";"";
1818000;"Powiat stalowowolski";"as of the end of December";"below 30 years";"2024";538;"person";"";
1818000;"Powiat stalowowolski";"as of the end of December";"over 50 years";"2024";565;"person";"";
1818000;"Powiat stalowowolski";"as of the end of December";"long-term unemployed";"2024";897;"person";"";
1819000;"Powiat strzyżowski";"as of the end of December";"total";"2024";3113;"person";"";
1819000;"Powiat strzyżowski";"as of the end of December";"females";"2024";1569;"person";"";
1819000;"Powiat strzyżowski";"as of the end of December";"males";"2024";1544;"person";"";
1819000;"Powiat strzyżowski";"as of the end of December";"below 25 years";"2024";474;"person";"";
1819000;"Powiat strzyżowski";"as of the end of December";"below 30 years";"2024";864;"person";"";
1819000;"Powiat strzyżowski";"as of the end of December";"over 50 years";"2024";764;"person";"";
1819000;"Powiat strzyżowski";"as of the end of December";"long-term unemployed";"2024";1939;"person";"";
1820000;"Powiat tarnobrzeski";"as of the end of December";"total";"2024";1243;"person";"";
1820000;"Powiat tarnobrzeski";"as of the end of December";"females";"2024";619;"person";"";
1820000;"Powiat tarnobrzeski";"as of the end of December";"males";"2024";624;"person";"";
1820000;"Powiat tarnobrzeski";"as of the end of December";"below 25 years";"2024";172;"person";"";
1820000;"Powiat tarnobrzeski";"as of the end of December";"below 30 years";"2024";314;"person";"";
1820000;"Powiat tarnobrzeski";"as of the end of December";"over 50 years";"2024";346;"person";"";
1820000;"Powiat tarnobrzeski";"as of the end of December";"long-term unemployed";"2024";633;"person";"";
1821000;"Powiat leski";"as of the end of December";"total";"2024";1726;"person";"";
1821000;"Powiat leski";"as of the end of December";"females";"2024";800;"person";"";
1821000;"Powiat leski";"as of the end of December";"males";"2024";926;"person";"";
1821000;"Powiat leski";"as of the end of December";"below 25 years";"2024";218;"person";"";
1821000;"Powiat leski";"as of the end of December";"below 30 years";"2024";440;"person";"";
1821000;"Powiat leski";"as of the end of December";"over 50 years";"2024";455;"person";"";
1821000;"Powiat leski";"as of the end of December";"long-term unemployed";"2024";1083;"person";"";
1861000;"City with powiat status Krosno";"as of the end of December";"total";"2024";814;"person";"";
1861000;"City with powiat status Krosno";"as of the end of December";"females";"2024";426;"person";"";
1861000;"City with powiat status Krosno";"as of the end of December";"males";"2024";388;"person";"";
1861000;"City with powiat status Krosno";"as of the end of December";"below 25 years";"2024";90;"person";"";
1861000;"City with powiat status Krosno";"as of the end of December";"below 30 years";"2024";189;"person";"";
1861000;"City with powiat status Krosno";"as of the end of December";"over 50 years";"2024";195;"person";"";
1861000;"City with powiat status Krosno";"as of the end of December";"long-term unemployed";"2024";341;"person";"";
1862000;"City with powiat status Przemyśl";"as of the end of December";"total";"2024";2338;"person";"";
1862000;"City with powiat status Przemyśl";"as of the end of December";"females";"2024";1084;"person";"";
1862000;"City with powiat status Przemyśl";"as of the end of December";"males";"2024";1254;"person";"";
1862000;"City with powiat status Przemyśl";"as of the end of December";"below 25 years";"2024";196;"person";"";
1862000;"City with powiat status Przemyśl";"as of the end of December";"below 30 years";"2024";430;"person";"";
1862000;"City with powiat status Przemyśl";"as of the end of December";"over 50 years";"2024";722;"person";"";
1862000;"City with powiat status Przemyśl";"as of the end of December";"long-term unemployed";"2024";1515;"person";"";
1863000;"City with powiat status Rzeszów";"as of the end of December";"total";"2024";4957;"person";"";
1863000;"City with powiat status Rzeszów";"as of the end of December";"females";"2024";2475;"person";"";
1863000;"City with powiat status Rzeszów";"as of the end of December";"males";"2024";2482;"person";"";
1863000;"City with powiat status Rzeszów";"as of the end of December";"below 25 years";"2024";393;"person";"";
1863000;"City with powiat status Rzeszów";"as of the end of December";"below 30 years";"2024";963;"person";"";
1863000;"City with powiat status Rzeszów";"as of the end of December";"over 50 years";"2024";1308;"person";"";
1863000;"City with powiat status Rzeszów";"as of the end of December";"long-term unemployed";"2024";2872;"person";"";
1864000;"City with powiat status Tarnobrzeg";"as of the end of December";"total";"2024";999;"person";"";
1864000;"City with powiat status Tarnobrzeg";"as of the end of December";"females";"2024";493;"person";"";
1864000;"City with powiat status Tarnobrzeg";"as of the end of December";"males";"2024";506;"person";"";
1864000;"City with powiat status Tarnobrzeg";"as of the end of December";"below 25 years";"2024";114;"person";"";
1864000;"City with powiat status Tarnobrzeg";"as of the end of December";"below 30 years";"2024";206;"person";"";
1864000;"City with powiat status Tarnobrzeg";"as of the end of December";"over 50 years";"2024";293;"person";"";
1864000;"City with powiat status Tarnobrzeg";"as of the end of December";"long-term unemployed";"2024";521;"person";"";
2000000;"PODLASKIE";"as of the end of December";"total";"2024";30354;"person";"";
2000000;"PODLASKIE";"as of the end of December";"females";"2024";13186;"person";"";
2000000;"PODLASKIE";"as of the end of December";"males";"2024";17168;"person";"";
2000000;"PODLASKIE";"as of the end of December";"below 25 years";"2024";3742;"person";"";
2000000;"PODLASKIE";"as of the end of December";"below 30 years";"2024";7126;"person";"";
2000000;"PODLASKIE";"as of the end of December";"over 50 years";"2024";8141;"person";"";
2000000;"PODLASKIE";"as of the end of December";"long-term unemployed";"2024";16786;"person";"";
2001000;"Powiat augustowski";"as of the end of December";"total";"2024";2124;"person";"";
2001000;"Powiat augustowski";"as of the end of December";"females";"2024";911;"person";"";
2001000;"Powiat augustowski";"as of the end of December";"males";"2024";1213;"person";"";
2001000;"Powiat augustowski";"as of the end of December";"below 25 years";"2024";295;"person";"";
2001000;"Powiat augustowski";"as of the end of December";"below 30 years";"2024";541;"person";"";
2001000;"Powiat augustowski";"as of the end of December";"over 50 years";"2024";582;"person";"";
2001000;"Powiat augustowski";"as of the end of December";"long-term unemployed";"2024";1294;"person";"";
2002000;"Powiat białostocki";"as of the end of December";"total";"2024";3655;"person";"";
2002000;"Powiat białostocki";"as of the end of December";"females";"2024";1550;"person";"";
2002000;"Powiat białostocki";"as of the end of December";"males";"2024";2105;"person";"";
2002000;"Powiat białostocki";"as of the end of December";"below 25 years";"2024";372;"person";"";
2002000;"Powiat białostocki";"as of the end of December";"below 30 years";"2024";769;"person";"";
2002000;"Powiat białostocki";"as of the end of December";"over 50 years";"2024";1016;"person";"";
2002000;"Powiat białostocki";"as of the end of December";"long-term unemployed";"2024";1912;"person";"";
2003000;"Powiat bielski";"as of the end of December";"total";"2024";915;"person";"";
2003000;"Powiat bielski";"as of the end of December";"females";"2024";410;"person";"";
2003000;"Powiat bielski";"as of the end of December";"males";"2024";505;"person";"";
2003000;"Powiat bielski";"as of the end of December";"below 25 years";"2024";146;"person";"";
2003000;"Powiat bielski";"as of the end of December";"below 30 years";"2024";264;"person";"";
2003000;"Powiat bielski";"as of the end of December";"over 50 years";"2024";233;"person";"";
2003000;"Powiat bielski";"as of the end of December";"long-term unemployed";"2024";416;"person";"";
2004000;"Powiat grajewski";"as of the end of December";"total";"2024";1742;"person";"";
2004000;"Powiat grajewski";"as of the end of December";"females";"2024";788;"person";"";
2004000;"Powiat grajewski";"as of the end of December";"males";"2024";954;"person";"";
2004000;"Powiat grajewski";"as of the end of December";"below 25 years";"2024";269;"person";"";
2004000;"Powiat grajewski";"as of the end of December";"below 30 years";"2024";483;"person";"";
2004000;"Powiat grajewski";"as of the end of December";"over 50 years";"2024";439;"person";"";
2004000;"Powiat grajewski";"as of the end of December";"long-term unemployed";"2024";968;"person";"";
2005000;"Powiat hajnowski";"as of the end of December";"total";"2024";1158;"person";"";
2005000;"Powiat hajnowski";"as of the end of December";"females";"2024";424;"person";"";
2005000;"Powiat hajnowski";"as of the end of December";"males";"2024";734;"person";"";
2005000;"Powiat hajnowski";"as of the end of December";"below 25 years";"2024";113;"person";"";
2005000;"Powiat hajnowski";"as of the end of December";"below 30 years";"2024";203;"person";"";
2005000;"Powiat hajnowski";"as of the end of December";"over 50 years";"2024";365;"person";"";
2005000;"Powiat hajnowski";"as of the end of December";"long-term unemployed";"2024";711;"person";"";
2006000;"Powiat kolneński";"as of the end of December";"total";"2024";1847;"person";"";
2006000;"Powiat kolneński";"as of the end of December";"females";"2024";802;"person";"";
2006000;"Powiat kolneński";"as of the end of December";"males";"2024";1045;"person";"";
2006000;"Powiat kolneński";"as of the end of December";"below 25 years";"2024";368;"person";"";
2006000;"Powiat kolneński";"as of the end of December";"below 30 years";"2024";626;"person";"";
2006000;"Powiat kolneński";"as of the end of December";"over 50 years";"2024";395;"person";"";
2006000;"Powiat kolneński";"as of the end of December";"long-term unemployed";"2024";1190;"person";"";
2007000;"Powiat łomżyński";"as of the end of December";"total";"2024";919;"person";"";
2007000;"Powiat łomżyński";"as of the end of December";"females";"2024";463;"person";"";
2007000;"Powiat łomżyński";"as of the end of December";"males";"2024";456;"person";"";
2007000;"Powiat łomżyński";"as of the end of December";"below 25 years";"2024";183;"person";"";
2007000;"Powiat łomżyński";"as of the end of December";"below 30 years";"2024";306;"person";"";
2007000;"Powiat łomżyński";"as of the end of December";"over 50 years";"2024";222;"person";"";
2007000;"Powiat łomżyński";"as of the end of December";"long-term unemployed";"2024";408;"person";"";
2008000;"Powiat moniecki";"as of the end of December";"total";"2024";861;"person";"";
2008000;"Powiat moniecki";"as of the end of December";"females";"2024";383;"person";"";
2008000;"Powiat moniecki";"as of the end of December";"males";"2024";478;"person";"";
2008000;"Powiat moniecki";"as of the end of December";"below 25 years";"2024";123;"person";"";
2008000;"Powiat moniecki";"as of the end of December";"below 30 years";"2024";238;"person";"";
2008000;"Powiat moniecki";"as of the end of December";"over 50 years";"2024";233;"person";"";
2008000;"Powiat moniecki";"as of the end of December";"long-term unemployed";"2024";521;"person";"";
2009000;"Powiat sejneński";"as of the end of December";"total";"2024";1011;"person";"";
2009000;"Powiat sejneński";"as of the end of December";"females";"2024";371;"person";"";
2009000;"Powiat sejneński";"as of the end of December";"males";"2024";640;"person";"";
2009000;"Powiat sejneński";"as of the end of December";"below 25 years";"2024";129;"person";"";
2009000;"Powiat sejneński";"as of the end of December";"below 30 years";"2024";238;"person";"";
2009000;"Powiat sejneński";"as of the end of December";"over 50 years";"2024";250;"person";"";
2009000;"Powiat sejneński";"as of the end of December";"long-term unemployed";"2024";642;"person";"";
2010000;"Powiat siemiatycki";"as of the end of December";"total";"2024";908;"person";"";
2010000;"Powiat siemiatycki";"as of the end of December";"females";"2024";354;"person";"";
2010000;"Powiat siemiatycki";"as of the end of December";"males";"2024";554;"person";"";
2010000;"Powiat siemiatycki";"as of the end of December";"below 25 years";"2024";132;"person";"";
2010000;"Powiat siemiatycki";"as of the end of December";"below 30 years";"2024";241;"person";"";
2010000;"Powiat siemiatycki";"as of the end of December";"over 50 years";"2024";276;"person";"";
2010000;"Powiat siemiatycki";"as of the end of December";"long-term unemployed";"2024";550;"person";"";
2011000;"Powiat sokólski";"as of the end of December";"total";"2024";2313;"person";"";
2011000;"Powiat sokólski";"as of the end of December";"females";"2024";897;"person";"";
2011000;"Powiat sokólski";"as of the end of December";"males";"2024";1416;"person";"";
2011000;"Powiat sokólski";"as of the end of December";"below 25 years";"2024";313;"person";"";
2011000;"Powiat sokólski";"as of the end of December";"below 30 years";"2024";534;"person";"";
2011000;"Powiat sokólski";"as of the end of December";"over 50 years";"2024";629;"person";"";
2011000;"Powiat sokólski";"as of the end of December";"long-term unemployed";"2024";1557;"person";"";
2012000;"Powiat suwalski";"as of the end of December";"total";"2024";598;"person";"";
2012000;"Powiat suwalski";"as of the end of December";"females";"2024";299;"person";"";
2012000;"Powiat suwalski";"as of the end of December";"males";"2024";299;"person";"";
2012000;"Powiat suwalski";"as of the end of December";"below 25 years";"2024";79;"person";"";
2012000;"Powiat suwalski";"as of the end of December";"below 30 years";"2024";149;"person";"";
2012000;"Powiat suwalski";"as of the end of December";"over 50 years";"2024";174;"person";"";
2012000;"Powiat suwalski";"as of the end of December";"long-term unemployed";"2024";255;"person";"";
2013000;"Powiat wysokomazowiecki";"as of the end of December";"total";"2024";1541;"person";"";
2013000;"Powiat wysokomazowiecki";"as of the end of December";"females";"2024";600;"person";"";
2013000;"Powiat wysokomazowiecki";"as of the end of December";"males";"2024";941;"person";"";
2013000;"Powiat wysokomazowiecki";"as of the end of December";"below 25 years";"2024";271;"person";"";
2013000;"Powiat wysokomazowiecki";"as of the end of December";"below 30 years";"2024";481;"person";"";
2013000;"Powiat wysokomazowiecki";"as of the end of December";"over 50 years";"2024";312;"person";"";
2013000;"Powiat wysokomazowiecki";"as of the end of December";"long-term unemployed";"2024";962;"person";"";
2014000;"Powiat zambrowski";"as of the end of December";"total";"2024";1036;"person";"";
2014000;"Powiat zambrowski";"as of the end of December";"females";"2024";465;"person";"";
2014000;"Powiat zambrowski";"as of the end of December";"males";"2024";571;"person";"";
2014000;"Powiat zambrowski";"as of the end of December";"below 25 years";"2024";153;"person";"";
2014000;"Powiat zambrowski";"as of the end of December";"below 30 years";"2024";269;"person";"";
2014000;"Powiat zambrowski";"as of the end of December";"over 50 years";"2024";266;"person";"";
2014000;"Powiat zambrowski";"as of the end of December";"long-term unemployed";"2024";501;"person";"";
2061000;"City with powiat status Białystok";"as of the end of December";"total";"2024";6708;"person";"";
2061000;"City with powiat status Białystok";"as of the end of December";"females";"2024";2950;"person";"";
2061000;"City with powiat status Białystok";"as of the end of December";"males";"2024";3758;"person";"";
2061000;"City with powiat status Białystok";"as of the end of December";"below 25 years";"2024";485;"person";"";
2061000;"City with powiat status Białystok";"as of the end of December";"below 30 years";"2024";1153;"person";"";
2061000;"City with powiat status Białystok";"as of the end of December";"over 50 years";"2024";1926;"person";"";
2061000;"City with powiat status Białystok";"as of the end of December";"long-term unemployed";"2024";3492;"person";"";
2062000;"City with powiat status Łomża";"as of the end of December";"total";"2024";1465;"person";"";
2062000;"City with powiat status Łomża";"as of the end of December";"females";"2024";755;"person";"";
2062000;"City with powiat status Łomża";"as of the end of December";"males";"2024";710;"person";"";
2062000;"City with powiat status Łomża";"as of the end of December";"below 25 years";"2024";153;"person";"";
2062000;"City with powiat status Łomża";"as of the end of December";"below 30 years";"2024";308;"person";"";
2062000;"City with powiat status Łomża";"as of the end of December";"over 50 years";"2024";389;"person";"";
2062000;"City with powiat status Łomża";"as of the end of December";"long-term unemployed";"2024";692;"person";"";
2063000;"City with powiat status Suwałki";"as of the end of December";"total";"2024";1553;"person";"";
2063000;"City with powiat status Suwałki";"as of the end of December";"females";"2024";764;"person";"";
2063000;"City with powiat status Suwałki";"as of the end of December";"males";"2024";789;"person";"";
2063000;"City with powiat status Suwałki";"as of the end of December";"below 25 years";"2024";158;"person";"";
2063000;"City with powiat status Suwałki";"as of the end of December";"below 30 years";"2024";323;"person";"";
2063000;"City with powiat status Suwałki";"as of the end of December";"over 50 years";"2024";434;"person";"";
2063000;"City with powiat status Suwałki";"as of the end of December";"long-term unemployed";"2024";715;"person";"";
2200000;"POMORSKIE";"as of the end of December";"total";"2024";42924;"person";"";
2200000;"POMORSKIE";"as of the end of December";"females";"2024";24919;"person";"";
2200000;"POMORSKIE";"as of the end of December";"males";"2024";18005;"person";"";
2200000;"POMORSKIE";"as of the end of December";"below 25 years";"2024";6127;"person";"";
2200000;"POMORSKIE";"as of the end of December";"below 30 years";"2024";10956;"person";"";
2200000;"POMORSKIE";"as of the end of December";"over 50 years";"2024";10887;"person";"";
2200000;"POMORSKIE";"as of the end of December";"long-term unemployed";"2024";18637;"person";"";
2201000;"Powiat bytowski";"as of the end of December";"total";"2024";2543;"person";"";
2201000;"Powiat bytowski";"as of the end of December";"females";"2024";1503;"person";"";
2201000;"Powiat bytowski";"as of the end of December";"males";"2024";1040;"person";"";
2201000;"Powiat bytowski";"as of the end of December";"below 25 years";"2024";435;"person";"";
2201000;"Powiat bytowski";"as of the end of December";"below 30 years";"2024";762;"person";"";
2201000;"Powiat bytowski";"as of the end of December";"over 50 years";"2024";556;"person";"";
2201000;"Powiat bytowski";"as of the end of December";"long-term unemployed";"2024";1314;"person";"";
2202000;"Powiat chojnicki";"as of the end of December";"total";"2024";3133;"person";"";
2202000;"Powiat chojnicki";"as of the end of December";"females";"2024";1957;"person";"";
2202000;"Powiat chojnicki";"as of the end of December";"males";"2024";1176;"person";"";
2202000;"Powiat chojnicki";"as of the end of December";"below 25 years";"2024";505;"person";"";
2202000;"Powiat chojnicki";"as of the end of December";"below 30 years";"2024";887;"person";"";
2202000;"Powiat chojnicki";"as of the end of December";"over 50 years";"2024";709;"person";"";
2202000;"Powiat chojnicki";"as of the end of December";"long-term unemployed";"2024";1667;"person";"";
2203000;"Powiat człuchowski";"as of the end of December";"total";"2024";1760;"person";"";
2203000;"Powiat człuchowski";"as of the end of December";"females";"2024";1028;"person";"";
2203000;"Powiat człuchowski";"as of the end of December";"males";"2024";732;"person";"";
2203000;"Powiat człuchowski";"as of the end of December";"below 25 years";"2024";318;"person";"";
2203000;"Powiat człuchowski";"as of the end of December";"below 30 years";"2024";506;"person";"";
2203000;"Powiat człuchowski";"as of the end of December";"over 50 years";"2024";448;"person";"";
2203000;"Powiat człuchowski";"as of the end of December";"long-term unemployed";"2024";867;"person";"";
2204000;"Powiat gdański";"as of the end of December";"total";"2024";1691;"person";"";
2204000;"Powiat gdański";"as of the end of December";"females";"2024";1057;"person";"";
2204000;"Powiat gdański";"as of the end of December";"males";"2024";634;"person";"";
2204000;"Powiat gdański";"as of the end of December";"below 25 years";"2024";175;"person";"";
2204000;"Powiat gdański";"as of the end of December";"below 30 years";"2024";388;"person";"";
2204000;"Powiat gdański";"as of the end of December";"over 50 years";"2024";419;"person";"";
2204000;"Powiat gdański";"as of the end of December";"long-term unemployed";"2024";760;"person";"";
2205000;"Powiat kartuski";"as of the end of December";"total";"2024";1360;"person";"";
2205000;"Powiat kartuski";"as of the end of December";"females";"2024";857;"person";"";
2205000;"Powiat kartuski";"as of the end of December";"males";"2024";503;"person";"";
2205000;"Powiat kartuski";"as of the end of December";"below 25 years";"2024";332;"person";"";
2205000;"Powiat kartuski";"as of the end of December";"below 30 years";"2024";507;"person";"";
2205000;"Powiat kartuski";"as of the end of December";"over 50 years";"2024";261;"person";"";
2205000;"Powiat kartuski";"as of the end of December";"long-term unemployed";"2024";267;"person";"";
2206000;"Powiat kościerski";"as of the end of December";"total";"2024";1876;"person";"";
2206000;"Powiat kościerski";"as of the end of December";"females";"2024";1043;"person";"";
2206000;"Powiat kościerski";"as of the end of December";"males";"2024";833;"person";"";
2206000;"Powiat kościerski";"as of the end of December";"below 25 years";"2024";405;"person";"";
2206000;"Powiat kościerski";"as of the end of December";"below 30 years";"2024";626;"person";"";
2206000;"Powiat kościerski";"as of the end of December";"over 50 years";"2024";397;"person";"";
2206000;"Powiat kościerski";"as of the end of December";"long-term unemployed";"2024";971;"person";"";
2207000;"Powiat kwidzyński";"as of the end of December";"total";"2024";2128;"person";"";
2207000;"Powiat kwidzyński";"as of the end of December";"females";"2024";1328;"person";"";
2207000;"Powiat kwidzyński";"as of the end of December";"males";"2024";800;"person";"";
2207000;"Powiat kwidzyński";"as of the end of December";"below 25 years";"2024";374;"person";"";
2207000;"Powiat kwidzyński";"as of the end of December";"below 30 years";"2024";623;"person";"";
2207000;"Powiat kwidzyński";"as of the end of December";"over 50 years";"2024";466;"person";"";
2207000;"Powiat kwidzyński";"as of the end of December";"long-term unemployed";"2024";1028;"person";"";
2208000;"Powiat lęborski";"as of the end of December";"total";"2024";2164;"person";"";
2208000;"Powiat lęborski";"as of the end of December";"females";"2024";1221;"person";"";
2208000;"Powiat lęborski";"as of the end of December";"males";"2024";943;"person";"";
2208000;"Powiat lęborski";"as of the end of December";"below 25 years";"2024";340;"person";"";
2208000;"Powiat lęborski";"as of the end of December";"below 30 years";"2024";604;"person";"";
2208000;"Powiat lęborski";"as of the end of December";"over 50 years";"2024";557;"person";"";
2208000;"Powiat lęborski";"as of the end of December";"long-term unemployed";"2024";1126;"person";"";
2209000;"Powiat malborski";"as of the end of December";"total";"2024";1416;"person";"";
2209000;"Powiat malborski";"as of the end of December";"females";"2024";901;"person";"";
2209000;"Powiat malborski";"as of the end of December";"males";"2024";515;"person";"";
2209000;"Powiat malborski";"as of the end of December";"below 25 years";"2024";228;"person";"";
2209000;"Powiat malborski";"as of the end of December";"below 30 years";"2024";375;"person";"";
2209000;"Powiat malborski";"as of the end of December";"over 50 years";"2024";336;"person";"";
2209000;"Powiat malborski";"as of the end of December";"long-term unemployed";"2024";650;"person";"";
2210000;"Powiat nowodworski";"as of the end of December";"total";"2024";1060;"person";"";
2210000;"Powiat nowodworski";"as of the end of December";"females";"2024";657;"person";"";
2210000;"Powiat nowodworski";"as of the end of December";"males";"2024";403;"person";"";
2210000;"Powiat nowodworski";"as of the end of December";"below 25 years";"2024";151;"person";"";
2210000;"Powiat nowodworski";"as of the end of December";"below 30 years";"2024";262;"person";"";
2210000;"Powiat nowodworski";"as of the end of December";"over 50 years";"2024";263;"person";"";
2210000;"Powiat nowodworski";"as of the end of December";"long-term unemployed";"2024";457;"person";"";
2211000;"Powiat pucki";"as of the end of December";"total";"2024";1555;"person";"";
2211000;"Powiat pucki";"as of the end of December";"females";"2024";852;"person";"";
2211000;"Powiat pucki";"as of the end of December";"males";"2024";703;"person";"";
2211000;"Powiat pucki";"as of the end of December";"below 25 years";"2024";261;"person";"";
2211000;"Powiat pucki";"as of the end of December";"below 30 years";"2024";438;"person";"";
2211000;"Powiat pucki";"as of the end of December";"over 50 years";"2024";431;"person";"";
2211000;"Powiat pucki";"as of the end of December";"long-term unemployed";"2024";610;"person";"";
2212000;"Powiat słupski";"as of the end of December";"total";"2024";2360;"person";"";
2212000;"Powiat słupski";"as of the end of December";"females";"2024";1193;"person";"";
2212000;"Powiat słupski";"as of the end of December";"males";"2024";1167;"person";"";
2212000;"Powiat słupski";"as of the end of December";"below 25 years";"2024";322;"person";"";
2212000;"Powiat słupski";"as of the end of December";"below 30 years";"2024";580;"person";"";
2212000;"Powiat słupski";"as of the end of December";"over 50 years";"2024";651;"person";"";
2212000;"Powiat słupski";"as of the end of December";"long-term unemployed";"2024";986;"person";"";
2213000;"Powiat starogardzki";"as of the end of December";"total";"2024";2505;"person";"";
2213000;"Powiat starogardzki";"as of the end of December";"females";"2024";1552;"person";"";
2213000;"Powiat starogardzki";"as of the end of December";"males";"2024";953;"person";"";
2213000;"Powiat starogardzki";"as of the end of December";"below 25 years";"2024";401;"person";"";
2213000;"Powiat starogardzki";"as of the end of December";"below 30 years";"2024";682;"person";"";
2213000;"Powiat starogardzki";"as of the end of December";"over 50 years";"2024";635;"person";"";
2213000;"Powiat starogardzki";"as of the end of December";"long-term unemployed";"2024";1016;"person";"";
2214000;"Powiat tczewski";"as of the end of December";"total";"2024";2325;"person";"";
2214000;"Powiat tczewski";"as of the end of December";"females";"2024";1391;"person";"";
2214000;"Powiat tczewski";"as of the end of December";"males";"2024";934;"person";"";
2214000;"Powiat tczewski";"as of the end of December";"below 25 years";"2024";369;"person";"";
2214000;"Powiat tczewski";"as of the end of December";"below 30 years";"2024";640;"person";"";
2214000;"Powiat tczewski";"as of the end of December";"over 50 years";"2024";558;"person";"";
2214000;"Powiat tczewski";"as of the end of December";"long-term unemployed";"2024";1030;"person";"";
2215000;"Powiat wejherowski";"as of the end of December";"total";"2024";3794;"person";"";
2215000;"Powiat wejherowski";"as of the end of December";"females";"2024";2325;"person";"";
2215000;"Powiat wejherowski";"as of the end of December";"males";"2024";1469;"person";"";
2215000;"Powiat wejherowski";"as of the end of December";"below 25 years";"2024";667;"person";"";
2215000;"Powiat wejherowski";"as of the end of December";"below 30 years";"2024";1101;"person";"";
2215000;"Powiat wejherowski";"as of the end of December";"over 50 years";"2024";854;"person";"";
2215000;"Powiat wejherowski";"as of the end of December";"long-term unemployed";"2024";1397;"person";"";
2216000;"Powiat sztumski";"as of the end of December";"total";"2024";517;"person";"";
2216000;"Powiat sztumski";"as of the end of December";"females";"2024";340;"person";"";
2216000;"Powiat sztumski";"as of the end of December";"males";"2024";177;"person";"";
2216000;"Powiat sztumski";"as of the end of December";"below 25 years";"2024";97;"person";"";
2216000;"Powiat sztumski";"as of the end of December";"below 30 years";"2024";170;"person";"";
2216000;"Powiat sztumski";"as of the end of December";"over 50 years";"2024";112;"person";"";
2216000;"Powiat sztumski";"as of the end of December";"long-term unemployed";"2024";144;"person";"";
2261000;"City with powiat status Gdańsk";"as of the end of December";"total";"2024";6443;"person";"";
2261000;"City with powiat status Gdańsk";"as of the end of December";"females";"2024";3458;"person";"";
2261000;"City with powiat status Gdańsk";"as of the end of December";"males";"2024";2985;"person";"";
2261000;"City with powiat status Gdańsk";"as of the end of December";"below 25 years";"2024";433;"person";"";
2261000;"City with powiat status Gdańsk";"as of the end of December";"below 30 years";"2024";1095;"person";"";
2261000;"City with powiat status Gdańsk";"as of the end of December";"over 50 years";"2024";1938;"person";"";
2261000;"City with powiat status Gdańsk";"as of the end of December";"long-term unemployed";"2024";2982;"person";"";
2262000;"City with powiat status Gdynia";"as of the end of December";"total";"2024";2493;"person";"";
2262000;"City with powiat status Gdynia";"as of the end of December";"females";"2024";1378;"person";"";
2262000;"City with powiat status Gdynia";"as of the end of December";"males";"2024";1115;"person";"";
2262000;"City with powiat status Gdynia";"as of the end of December";"below 25 years";"2024";167;"person";"";
2262000;"City with powiat status Gdynia";"as of the end of December";"below 30 years";"2024";415;"person";"";
2262000;"City with powiat status Gdynia";"as of the end of December";"over 50 years";"2024";751;"person";"";
2262000;"City with powiat status Gdynia";"as of the end of December";"long-term unemployed";"2024";830;"person";"";
2263000;"City with powiat status Słupsk";"as of the end of December";"total";"2024";1449;"person";"";
2263000;"City with powiat status Słupsk";"as of the end of December";"females";"2024";692;"person";"";
2263000;"City with powiat status Słupsk";"as of the end of December";"males";"2024";757;"person";"";
2263000;"City with powiat status Słupsk";"as of the end of December";"below 25 years";"2024";136;"person";"";
2263000;"City with powiat status Słupsk";"as of the end of December";"below 30 years";"2024";259;"person";"";
2263000;"City with powiat status Słupsk";"as of the end of December";"over 50 years";"2024";433;"person";"";
2263000;"City with powiat status Słupsk";"as of the end of December";"long-term unemployed";"2024";408;"person";"";
2264000;"City with powiat status Sopot";"as of the end of December";"total";"2024";352;"person";"";
2264000;"City with powiat status Sopot";"as of the end of December";"females";"2024";186;"person";"";
2264000;"City with powiat status Sopot";"as of the end of December";"males";"2024";166;"person";"";
2264000;"City with powiat status Sopot";"as of the end of December";"below 25 years";"2024";11;"person";"";
2264000;"City with powiat status Sopot";"as of the end of December";"below 30 years";"2024";36;"person";"";
2264000;"City with powiat status Sopot";"as of the end of December";"over 50 years";"2024";112;"person";"";
2264000;"City with powiat status Sopot";"as of the end of December";"long-term unemployed";"2024";127;"person";"";
2400000;"ŚLĄSKIE";"as of the end of December";"total";"2024";62583;"person";"";
2400000;"ŚLĄSKIE";"as of the end of December";"females";"2024";32689;"person";"";
2400000;"ŚLĄSKIE";"as of the end of December";"males";"2024";29894;"person";"";
2400000;"ŚLĄSKIE";"as of the end of December";"below 25 years";"2024";7274;"person";"";
2400000;"ŚLĄSKIE";"as of the end of December";"below 30 years";"2024";13591;"person";"";
2400000;"ŚLĄSKIE";"as of the end of December";"over 50 years";"2024";17634;"person";"";
2400000;"ŚLĄSKIE";"as of the end of December";"long-term unemployed";"2024";25259;"person";"";
2401000;"Powiat będziński";"as of the end of December";"total";"2024";2453;"person";"";
2401000;"Powiat będziński";"as of the end of December";"females";"2024";1131;"person";"";
2401000;"Powiat będziński";"as of the end of December";"males";"2024";1322;"person";"";
2401000;"Powiat będziński";"as of the end of December";"below 25 years";"2024";242;"person";"";
2401000;"Powiat będziński";"as of the end of December";"below 30 years";"2024";442;"person";"";
2401000;"Powiat będziński";"as of the end of December";"over 50 years";"2024";748;"person";"";
2401000;"Powiat będziński";"as of the end of December";"long-term unemployed";"2024";925;"person";"";
2402000;"Powiat bielski";"as of the end of December";"total";"2024";1827;"person";"";
2402000;"Powiat bielski";"as of the end of December";"females";"2024";922;"person";"";
2402000;"Powiat bielski";"as of the end of December";"males";"2024";905;"person";"";
2402000;"Powiat bielski";"as of the end of December";"below 25 years";"2024";239;"person";"";
2402000;"Powiat bielski";"as of the end of December";"below 30 years";"2024";428;"person";"";
2402000;"Powiat bielski";"as of the end of December";"over 50 years";"2024";557;"person";"";
2402000;"Powiat bielski";"as of the end of December";"long-term unemployed";"2024";616;"person";"";
2403000;"Powiat cieszyński";"as of the end of December";"total";"2024";2963;"person";"";
2403000;"Powiat cieszyński";"as of the end of December";"females";"2024";1569;"person";"";
2403000;"Powiat cieszyński";"as of the end of December";"males";"2024";1394;"person";"";
2403000;"Powiat cieszyński";"as of the end of December";"below 25 years";"2024";413;"person";"";
2403000;"Powiat cieszyński";"as of the end of December";"below 30 years";"2024";728;"person";"";
2403000;"Powiat cieszyński";"as of the end of December";"over 50 years";"2024";821;"person";"";
2403000;"Powiat cieszyński";"as of the end of December";"long-term unemployed";"2024";1398;"person";"";
2404000;"Powiat częstochowski";"as of the end of December";"total";"2024";2517;"person";"";
2404000;"Powiat częstochowski";"as of the end of December";"females";"2024";1252;"person";"";
2404000;"Powiat częstochowski";"as of the end of December";"males";"2024";1265;"person";"";
2404000;"Powiat częstochowski";"as of the end of December";"below 25 years";"2024";291;"person";"";
2404000;"Powiat częstochowski";"as of the end of December";"below 30 years";"2024";566;"person";"";
2404000;"Powiat częstochowski";"as of the end of December";"over 50 years";"2024";779;"person";"";
2404000;"Powiat częstochowski";"as of the end of December";"long-term unemployed";"2024";991;"person";"";
2405000;"Powiat gliwicki";"as of the end of December";"total";"2024";1175;"person";"";
2405000;"Powiat gliwicki";"as of the end of December";"females";"2024";598;"person";"";
2405000;"Powiat gliwicki";"as of the end of December";"males";"2024";577;"person";"";
2405000;"Powiat gliwicki";"as of the end of December";"below 25 years";"2024";147;"person";"";
2405000;"Powiat gliwicki";"as of the end of December";"below 30 years";"2024";256;"person";"";
2405000;"Powiat gliwicki";"as of the end of December";"over 50 years";"2024";346;"person";"";
2405000;"Powiat gliwicki";"as of the end of December";"long-term unemployed";"2024";498;"person";"";
2406000;"Powiat kłobucki";"as of the end of December";"total";"2024";2290;"person";"";
2406000;"Powiat kłobucki";"as of the end of December";"females";"2024";1136;"person";"";
2406000;"Powiat kłobucki";"as of the end of December";"males";"2024";1154;"person";"";
2406000;"Powiat kłobucki";"as of the end of December";"below 25 years";"2024";352;"person";"";
2406000;"Powiat kłobucki";"as of the end of December";"below 30 years";"2024";633;"person";"";
2406000;"Powiat kłobucki";"as of the end of December";"over 50 years";"2024";584;"person";"";
2406000;"Powiat kłobucki";"as of the end of December";"long-term unemployed";"2024";1082;"person";"";
2407000;"Powiat lubliniecki";"as of the end of December";"total";"2024";1413;"person";"";
2407000;"Powiat lubliniecki";"as of the end of December";"females";"2024";824;"person";"";
2407000;"Powiat lubliniecki";"as of the end of December";"males";"2024";589;"person";"";
2407000;"Powiat lubliniecki";"as of the end of December";"below 25 years";"2024";228;"person";"";
2407000;"Powiat lubliniecki";"as of the end of December";"below 30 years";"2024";388;"person";"";
2407000;"Powiat lubliniecki";"as of the end of December";"over 50 years";"2024";372;"person";"";
2407000;"Powiat lubliniecki";"as of the end of December";"long-term unemployed";"2024";658;"person";"";
2408000;"Powiat mikołowski";"as of the end of December";"total";"2024";1162;"person";"";
2408000;"Powiat mikołowski";"as of the end of December";"females";"2024";605;"person";"";
2408000;"Powiat mikołowski";"as of the end of December";"males";"2024";557;"person";"";
2408000;"Powiat mikołowski";"as of the end of December";"below 25 years";"2024";177;"person";"";
2408000;"Powiat mikołowski";"as of the end of December";"below 30 years";"2024";306;"person";"";
2408000;"Powiat mikołowski";"as of the end of December";"over 50 years";"2024";326;"person";"";
2408000;"Powiat mikołowski";"as of the end of December";"long-term unemployed";"2024";361;"person";"";
2409000;"Powiat myszkowski";"as of the end of December";"total";"2024";1247;"person";"";
2409000;"Powiat myszkowski";"as of the end of December";"females";"2024";633;"person";"";
2409000;"Powiat myszkowski";"as of the end of December";"males";"2024";614;"person";"";
2409000;"Powiat myszkowski";"as of the end of December";"below 25 years";"2024";146;"person";"";
2409000;"Powiat myszkowski";"as of the end of December";"below 30 years";"2024";279;"person";"";
2409000;"Powiat myszkowski";"as of the end of December";"over 50 years";"2024";331;"person";"";
2409000;"Powiat myszkowski";"as of the end of December";"long-term unemployed";"2024";514;"person";"";
2410000;"Powiat pszczyński";"as of the end of December";"total";"2024";1248;"person";"";
2410000;"Powiat pszczyński";"as of the end of December";"females";"2024";728;"person";"";
2410000;"Powiat pszczyński";"as of the end of December";"males";"2024";520;"person";"";
2410000;"Powiat pszczyński";"as of the end of December";"below 25 years";"2024";196;"person";"";
2410000;"Powiat pszczyński";"as of the end of December";"below 30 years";"2024";333;"person";"";
2410000;"Powiat pszczyński";"as of the end of December";"over 50 years";"2024";311;"person";"";
2410000;"Powiat pszczyński";"as of the end of December";"long-term unemployed";"2024";525;"person";"";
2411000;"Powiat raciborski";"as of the end of December";"total";"2024";1408;"person";"";
2411000;"Powiat raciborski";"as of the end of December";"females";"2024";769;"person";"";
2411000;"Powiat raciborski";"as of the end of December";"males";"2024";639;"person";"";
2411000;"Powiat raciborski";"as of the end of December";"below 25 years";"2024";226;"person";"";
2411000;"Powiat raciborski";"as of the end of December";"below 30 years";"2024";358;"person";"";
2411000;"Powiat raciborski";"as of the end of December";"over 50 years";"2024";396;"person";"";
2411000;"Powiat raciborski";"as of the end of December";"long-term unemployed";"2024";679;"person";"";
2412000;"Powiat rybnicki";"as of the end of December";"total";"2024";814;"person";"";
2412000;"Powiat rybnicki";"as of the end of December";"females";"2024";502;"person";"";
2412000;"Powiat rybnicki";"as of the end of December";"males";"2024";312;"person";"";
2412000;"Powiat rybnicki";"as of the end of December";"below 25 years";"2024";140;"person";"";
2412000;"Powiat rybnicki";"as of the end of December";"below 30 years";"2024";234;"person";"";
2412000;"Powiat rybnicki";"as of the end of December";"over 50 years";"2024";205;"person";"";
2412000;"Powiat rybnicki";"as of the end of December";"long-term unemployed";"2024";354;"person";"";
2413000;"Powiat tarnogórski";"as of the end of December";"total";"2024";2324;"person";"";
2413000;"Powiat tarnogórski";"as of the end of December";"females";"2024";1208;"person";"";
2413000;"Powiat tarnogórski";"as of the end of December";"males";"2024";1116;"person";"";
2413000;"Powiat tarnogórski";"as of the end of December";"below 25 years";"2024";296;"person";"";
2413000;"Powiat tarnogórski";"as of the end of December";"below 30 years";"2024";517;"person";"";
2413000;"Powiat tarnogórski";"as of the end of December";"over 50 years";"2024";608;"person";"";
2413000;"Powiat tarnogórski";"as of the end of December";"long-term unemployed";"2024";1090;"person";"";
2414000;"Powiat bieruńsko-lędziński";"as of the end of December";"total";"2024";360;"person";"";
2414000;"Powiat bieruńsko-lędziński";"as of the end of December";"females";"2024";194;"person";"";
2414000;"Powiat bieruńsko-lędziński";"as of the end of December";"males";"2024";166;"person";"";
2414000;"Powiat bieruńsko-lędziński";"as of the end of December";"below 25 years";"2024";50;"person";"";
2414000;"Powiat bieruńsko-lędziński";"as of the end of December";"below 30 years";"2024";95;"person";"";
2414000;"Powiat bieruńsko-lędziński";"as of the end of December";"over 50 years";"2024";101;"person";"";
2414000;"Powiat bieruńsko-lędziński";"as of the end of December";"long-term unemployed";"2024";78;"person";"";
2415000;"Powiat wodzisławski";"as of the end of December";"total";"2024";1847;"person";"";
2415000;"Powiat wodzisławski";"as of the end of December";"females";"2024";1062;"person";"";
2415000;"Powiat wodzisławski";"as of the end of December";"males";"2024";785;"person";"";
2415000;"Powiat wodzisławski";"as of the end of December";"below 25 years";"2024";293;"person";"";
2415000;"Powiat wodzisławski";"as of the end of December";"below 30 years";"2024";512;"person";"";
2415000;"Powiat wodzisławski";"as of the end of December";"over 50 years";"2024";471;"person";"";
2415000;"Powiat wodzisławski";"as of the end of December";"long-term unemployed";"2024";731;"person";"";
2416000;"Powiat zawierciański";"as of the end of December";"total";"2024";1954;"person";"";
2416000;"Powiat zawierciański";"as of the end of December";"females";"2024";997;"person";"";
2416000;"Powiat zawierciański";"as of the end of December";"males";"2024";957;"person";"";
2416000;"Powiat zawierciański";"as of the end of December";"below 25 years";"2024";207;"person";"";
2416000;"Powiat zawierciański";"as of the end of December";"below 30 years";"2024";391;"person";"";
2416000;"Powiat zawierciański";"as of the end of December";"over 50 years";"2024";568;"person";"";
2416000;"Powiat zawierciański";"as of the end of December";"long-term unemployed";"2024";895;"person";"";
2417000;"Powiat żywiecki";"as of the end of December";"total";"2024";2680;"person";"";
2417000;"Powiat żywiecki";"as of the end of December";"females";"2024";1266;"person";"";
2417000;"Powiat żywiecki";"as of the end of December";"males";"2024";1414;"person";"";
2417000;"Powiat żywiecki";"as of the end of December";"below 25 years";"2024";389;"person";"";
2417000;"Powiat żywiecki";"as of the end of December";"below 30 years";"2024";648;"person";"";
2417000;"Powiat żywiecki";"as of the end of December";"over 50 years";"2024";821;"person";"";
2417000;"Powiat żywiecki";"as of the end of December";"long-term unemployed";"2024";957;"person";"";
2461000;"City with powiat status Bielsko-Biała";"as of the end of December";"total";"2024";2031;"person";"";
2461000;"City with powiat status Bielsko-Biała";"as of the end of December";"females";"2024";980;"person";"";
2461000;"City with powiat status Bielsko-Biała";"as of the end of December";"males";"2024";1051;"person";"";
2461000;"City with powiat status Bielsko-Biała";"as of the end of December";"below 25 years";"2024";167;"person";"";
2461000;"City with powiat status Bielsko-Biała";"as of the end of December";"below 30 years";"2024";358;"person";"";
2461000;"City with powiat status Bielsko-Biała";"as of the end of December";"over 50 years";"2024";676;"person";"";
2461000;"City with powiat status Bielsko-Biała";"as of the end of December";"long-term unemployed";"2024";633;"person";"";
2462000;"City with powiat status Bytom";"as of the end of December";"total";"2024";3364;"person";"";
2462000;"City with powiat status Bytom";"as of the end of December";"females";"2024";1802;"person";"";
2462000;"City with powiat status Bytom";"as of the end of December";"males";"2024";1562;"person";"";
2462000;"City with powiat status Bytom";"as of the end of December";"below 25 years";"2024";298;"person";"";
2462000;"City with powiat status Bytom";"as of the end of December";"below 30 years";"2024";626;"person";"";
2462000;"City with powiat status Bytom";"as of the end of December";"over 50 years";"2024";998;"person";"";
2462000;"City with powiat status Bytom";"as of the end of December";"long-term unemployed";"2024";1821;"person";"";
2463000;"City with powiat status Chorzów";"as of the end of December";"total";"2024";1376;"person";"";
2463000;"City with powiat status Chorzów";"as of the end of December";"females";"2024";746;"person";"";
2463000;"City with powiat status Chorzów";"as of the end of December";"males";"2024";630;"person";"";
2463000;"City with powiat status Chorzów";"as of the end of December";"below 25 years";"2024";153;"person";"";
2463000;"City with powiat status Chorzów";"as of the end of December";"below 30 years";"2024";283;"person";"";
2463000;"City with powiat status Chorzów";"as of the end of December";"over 50 years";"2024";406;"person";"";
2463000;"City with powiat status Chorzów";"as of the end of December";"long-term unemployed";"2024";537;"person";"";
2464000;"City with powiat status Częstochowa";"as of the end of December";"total";"2024";3575;"person";"";
2464000;"City with powiat status Częstochowa";"as of the end of December";"females";"2024";1858;"person";"";
2464000;"City with powiat status Częstochowa";"as of the end of December";"males";"2024";1717;"person";"";
2464000;"City with powiat status Częstochowa";"as of the end of December";"below 25 years";"2024";294;"person";"";
2464000;"City with powiat status Częstochowa";"as of the end of December";"below 30 years";"2024";666;"person";"";
2464000;"City with powiat status Częstochowa";"as of the end of December";"over 50 years";"2024";1116;"person";"";
2464000;"City with powiat status Częstochowa";"as of the end of December";"long-term unemployed";"2024";1198;"person";"";
2465000;"City with powiat status Dąbrowa Górnicza";"as of the end of December";"total";"2024";2143;"person";"";
2465000;"City with powiat status Dąbrowa Górnicza";"as of the end of December";"females";"2024";1080;"person";"";
2465000;"City with powiat status Dąbrowa Górnicza";"as of the end of December";"males";"2024";1063;"person";"";
2465000;"City with powiat status Dąbrowa Górnicza";"as of the end of December";"below 25 years";"2024";207;"person";"";
2465000;"City with powiat status Dąbrowa Górnicza";"as of the end of December";"below 30 years";"2024";396;"person";"";
2465000;"City with powiat status Dąbrowa Górnicza";"as of the end of December";"over 50 years";"2024";561;"person";"";
2465000;"City with powiat status Dąbrowa Górnicza";"as of the end of December";"long-term unemployed";"2024";966;"person";"";
2466000;"City with powiat status Gliwice";"as of the end of December";"total";"2024";2251;"person";"";
2466000;"City with powiat status Gliwice";"as of the end of December";"females";"2024";1140;"person";"";
2466000;"City with powiat status Gliwice";"as of the end of December";"males";"2024";1111;"person";"";
2466000;"City with powiat status Gliwice";"as of the end of December";"below 25 years";"2024";199;"person";"";
2466000;"City with powiat status Gliwice";"as of the end of December";"below 30 years";"2024";436;"person";"";
2466000;"City with powiat status Gliwice";"as of the end of December";"over 50 years";"2024";652;"person";"";
2466000;"City with powiat status Gliwice";"as of the end of December";"long-term unemployed";"2024";800;"person";"";
2467000;"City with powiat status Jastrzębie-Zdrój";"as of the end of December";"total";"2024";1053;"person";"";
2467000;"City with powiat status Jastrzębie-Zdrój";"as of the end of December";"females";"2024";646;"person";"";
2467000;"City with powiat status Jastrzębie-Zdrój";"as of the end of December";"males";"2024";407;"person";"";
2467000;"City with powiat status Jastrzębie-Zdrój";"as of the end of December";"below 25 years";"2024";164;"person";"";
2467000;"City with powiat status Jastrzębie-Zdrój";"as of the end of December";"below 30 years";"2024";275;"person";"";
2467000;"City with powiat status Jastrzębie-Zdrój";"as of the end of December";"over 50 years";"2024";280;"person";"";
2467000;"City with powiat status Jastrzębie-Zdrój";"as of the end of December";"long-term unemployed";"2024";435;"person";"";
2468000;"City with powiat status Jaworzno";"as of the end of December";"total";"2024";1177;"person";"";
2468000;"City with powiat status Jaworzno";"as of the end of December";"females";"2024";596;"person";"";
2468000;"City with powiat status Jaworzno";"as of the end of December";"males";"2024";581;"person";"";
2468000;"City with powiat status Jaworzno";"as of the end of December";"below 25 years";"2024";125;"person";"";
2468000;"City with powiat status Jaworzno";"as of the end of December";"below 30 years";"2024";243;"person";"";
2468000;"City with powiat status Jaworzno";"as of the end of December";"over 50 years";"2024";306;"person";"";
2468000;"City with powiat status Jaworzno";"as of the end of December";"long-term unemployed";"2024";433;"person";"";
2469000;"City with powiat status Katowice";"as of the end of December";"total";"2024";2122;"person";"";
2469000;"City with powiat status Katowice";"as of the end of December";"females";"2024";1049;"person";"";
2469000;"City with powiat status Katowice";"as of the end of December";"males";"2024";1073;"person";"";
2469000;"City with powiat status Katowice";"as of the end of December";"below 25 years";"2024";164;"person";"";
2469000;"City with powiat status Katowice";"as of the end of December";"below 30 years";"2024";397;"person";"";
2469000;"City with powiat status Katowice";"as of the end of December";"over 50 years";"2024";621;"person";"";
2469000;"City with powiat status Katowice";"as of the end of December";"long-term unemployed";"2024";631;"person";"";
2470000;"City with powiat status Mysłowice";"as of the end of December";"total";"2024";1023;"person";"";
2470000;"City with powiat status Mysłowice";"as of the end of December";"females";"2024";567;"person";"";
2470000;"City with powiat status Mysłowice";"as of the end of December";"males";"2024";456;"person";"";
2470000;"City with powiat status Mysłowice";"as of the end of December";"below 25 years";"2024";91;"person";"";
2470000;"City with powiat status Mysłowice";"as of the end of December";"below 30 years";"2024";188;"person";"";
2470000;"City with powiat status Mysłowice";"as of the end of December";"over 50 years";"2024";265;"person";"";
2470000;"City with powiat status Mysłowice";"as of the end of December";"long-term unemployed";"2024";432;"person";"";
2471000;"City with powiat status Piekary Śląskie";"as of the end of December";"total";"2024";1121;"person";"";
2471000;"City with powiat status Piekary Śląskie";"as of the end of December";"females";"2024";587;"person";"";
2471000;"City with powiat status Piekary Śląskie";"as of the end of December";"males";"2024";534;"person";"";
2471000;"City with powiat status Piekary Śląskie";"as of the end of December";"below 25 years";"2024";125;"person";"";
2471000;"City with powiat status Piekary Śląskie";"as of the end of December";"below 30 years";"2024";232;"person";"";
2471000;"City with powiat status Piekary Śląskie";"as of the end of December";"over 50 years";"2024";271;"person";"";
2471000;"City with powiat status Piekary Śląskie";"as of the end of December";"long-term unemployed";"2024";579;"person";"";
2472000;"City with powiat status Ruda Śląska";"as of the end of December";"total";"2024";1162;"person";"";
2472000;"City with powiat status Ruda Śląska";"as of the end of December";"females";"2024";594;"person";"";
2472000;"City with powiat status Ruda Śląska";"as of the end of December";"males";"2024";568;"person";"";
2472000;"City with powiat status Ruda Śląska";"as of the end of December";"below 25 years";"2024";164;"person";"";
2472000;"City with powiat status Ruda Śląska";"as of the end of December";"below 30 years";"2024";284;"person";"";
2472000;"City with powiat status Ruda Śląska";"as of the end of December";"over 50 years";"2024";261;"person";"";
2472000;"City with powiat status Ruda Śląska";"as of the end of December";"long-term unemployed";"2024";267;"person";"";
2473000;"City with powiat status Rybnik";"as of the end of December";"total";"2024";1371;"person";"";
2473000;"City with powiat status Rybnik";"as of the end of December";"females";"2024";824;"person";"";
2473000;"City with powiat status Rybnik";"as of the end of December";"males";"2024";547;"person";"";
2473000;"City with powiat status Rybnik";"as of the end of December";"below 25 years";"2024";202;"person";"";
2473000;"City with powiat status Rybnik";"as of the end of December";"below 30 years";"2024";362;"person";"";
2473000;"City with powiat status Rybnik";"as of the end of December";"over 50 years";"2024";314;"person";"";
2473000;"City with powiat status Rybnik";"as of the end of December";"long-term unemployed";"2024";519;"person";"";
2474000;"City with powiat status Siemianowice Śląskie";"as of the end of December";"total";"2024";826;"person";"";
2474000;"City with powiat status Siemianowice Śląskie";"as of the end of December";"females";"2024";430;"person";"";
2474000;"City with powiat status Siemianowice Śląskie";"as of the end of December";"males";"2024";396;"person";"";
2474000;"City with powiat status Siemianowice Śląskie";"as of the end of December";"below 25 years";"2024";83;"person";"";
2474000;"City with powiat status Siemianowice Śląskie";"as of the end of December";"below 30 years";"2024";161;"person";"";
2474000;"City with powiat status Siemianowice Śląskie";"as of the end of December";"over 50 years";"2024";226;"person";"";
2474000;"City with powiat status Siemianowice Śląskie";"as of the end of December";"long-term unemployed";"2024";261;"person";"";
2475000;"City with powiat status Sosnowiec";"as of the end of December";"total";"2024";3777;"person";"";
2475000;"City with powiat status Sosnowiec";"as of the end of December";"females";"2024";1826;"person";"";
2475000;"City with powiat status Sosnowiec";"as of the end of December";"males";"2024";1951;"person";"";
2475000;"City with powiat status Sosnowiec";"as of the end of December";"below 25 years";"2024";294;"person";"";
2475000;"City with powiat status Sosnowiec";"as of the end of December";"below 30 years";"2024";621;"person";"";
2475000;"City with powiat status Sosnowiec";"as of the end of December";"over 50 years";"2024";1111;"person";"";
2475000;"City with powiat status Sosnowiec";"as of the end of December";"long-term unemployed";"2024";1786;"person";"";
2476000;"City with powiat status Świętochłowice";"as of the end of December";"total";"2024";542;"person";"";
2476000;"City with powiat status Świętochłowice";"as of the end of December";"females";"2024";324;"person";"";
2476000;"City with powiat status Świętochłowice";"as of the end of December";"males";"2024";218;"person";"";
2476000;"City with powiat status Świętochłowice";"as of the end of December";"below 25 years";"2024";63;"person";"";
2476000;"City with powiat status Świętochłowice";"as of the end of December";"below 30 years";"2024";116;"person";"";
2476000;"City with powiat status Świętochłowice";"as of the end of December";"over 50 years";"2024";134;"person";"";
2476000;"City with powiat status Świętochłowice";"as of the end of December";"long-term unemployed";"2024";197;"person";"";
2477000;"City with powiat status Tychy";"as of the end of December";"total";"2024";1100;"person";"";
2477000;"City with powiat status Tychy";"as of the end of December";"females";"2024";565;"person";"";
2477000;"City with powiat status Tychy";"as of the end of December";"males";"2024";535;"person";"";
2477000;"City with powiat status Tychy";"as of the end of December";"below 25 years";"2024";108;"person";"";
2477000;"City with powiat status Tychy";"as of the end of December";"below 30 years";"2024";212;"person";"";
2477000;"City with powiat status Tychy";"as of the end of December";"over 50 years";"2024";304;"person";"";
2477000;"City with powiat status Tychy";"as of the end of December";"long-term unemployed";"2024";282;"person";"";
2478000;"City with powiat status Zabrze";"as of the end of December";"total";"2024";2121;"person";"";
2478000;"City with powiat status Zabrze";"as of the end of December";"females";"2024";1204;"person";"";
2478000;"City with powiat status Zabrze";"as of the end of December";"males";"2024";917;"person";"";
2478000;"City with powiat status Zabrze";"as of the end of December";"below 25 years";"2024";223;"person";"";
2478000;"City with powiat status Zabrze";"as of the end of December";"below 30 years";"2024";424;"person";"";
2478000;"City with powiat status Zabrze";"as of the end of December";"over 50 years";"2024";619;"person";"";
2478000;"City with powiat status Zabrze";"as of the end of December";"long-term unemployed";"2024";869;"person";"";
2479000;"City with powiat status Żory";"as of the end of December";"total";"2024";766;"person";"";
2479000;"City with powiat status Żory";"as of the end of December";"females";"2024";475;"person";"";
2479000;"City with powiat status Żory";"as of the end of December";"males";"2024";291;"person";"";
2479000;"City with powiat status Żory";"as of the end of December";"below 25 years";"2024";118;"person";"";
2479000;"City with powiat status Żory";"as of the end of December";"below 30 years";"2024";197;"person";"";
2479000;"City with powiat status Żory";"as of the end of December";"over 50 years";"2024";168;"person";"";
2479000;"City with powiat status Żory";"as of the end of December";"long-term unemployed";"2024";261;"person";"";
2600000;"ŚWIĘTOKRZYSKIE";"as of the end of December";"total";"2024";32289;"person";"";
2600000;"ŚWIĘTOKRZYSKIE";"as of the end of December";"females";"2024";15902;"person";"";
2600000;"ŚWIĘTOKRZYSKIE";"as of the end of December";"males";"2024";16387;"person";"";
2600000;"ŚWIĘTOKRZYSKIE";"as of the end of December";"below 25 years";"2024";4427;"person";"";
2600000;"ŚWIĘTOKRZYSKIE";"as of the end of December";"below 30 years";"2024";8219;"person";"";
2600000;"ŚWIĘTOKRZYSKIE";"as of the end of December";"over 50 years";"2024";8270;"person";"";
2600000;"ŚWIĘTOKRZYSKIE";"as of the end of December";"long-term unemployed";"2024";16462;"person";"";
2601000;"Powiat buski";"as of the end of December";"total";"2024";1027;"person";"";
2601000;"Powiat buski";"as of the end of December";"females";"2024";511;"person";"";
2601000;"Powiat buski";"as of the end of December";"males";"2024";516;"person";"";
2601000;"Powiat buski";"as of the end of December";"below 25 years";"2024";243;"person";"";
2601000;"Powiat buski";"as of the end of December";"below 30 years";"2024";356;"person";"";
2601000;"Powiat buski";"as of the end of December";"over 50 years";"2024";242;"person";"";
2601000;"Powiat buski";"as of the end of December";"long-term unemployed";"2024";425;"person";"";
2602000;"Powiat jędrzejowski";"as of the end of December";"total";"2024";1548;"person";"";
2602000;"Powiat jędrzejowski";"as of the end of December";"females";"2024";925;"person";"";
2602000;"Powiat jędrzejowski";"as of the end of December";"males";"2024";623;"person";"";
2602000;"Powiat jędrzejowski";"as of the end of December";"below 25 years";"2024";272;"person";"";
2602000;"Powiat jędrzejowski";"as of the end of December";"below 30 years";"2024";470;"person";"";
2602000;"Powiat jędrzejowski";"as of the end of December";"over 50 years";"2024";355;"person";"";
2602000;"Powiat jędrzejowski";"as of the end of December";"long-term unemployed";"2024";854;"person";"";
2603000;"Powiat kazimierski";"as of the end of December";"total";"2024";1031;"person";"";
2603000;"Powiat kazimierski";"as of the end of December";"females";"2024";484;"person";"";
2603000;"Powiat kazimierski";"as of the end of December";"males";"2024";547;"person";"";
2603000;"Powiat kazimierski";"as of the end of December";"below 25 years";"2024";191;"person";"";
2603000;"Powiat kazimierski";"as of the end of December";"below 30 years";"2024";336;"person";"";
2603000;"Powiat kazimierski";"as of the end of December";"over 50 years";"2024";224;"person";"";
2603000;"Powiat kazimierski";"as of the end of December";"long-term unemployed";"2024";645;"person";"";
2604000;"Powiat kielecki";"as of the end of December";"total";"2024";4118;"person";"";
2604000;"Powiat kielecki";"as of the end of December";"females";"2024";2043;"person";"";
2604000;"Powiat kielecki";"as of the end of December";"males";"2024";2075;"person";"";
2604000;"Powiat kielecki";"as of the end of December";"below 25 years";"2024";684;"person";"";
2604000;"Powiat kielecki";"as of the end of December";"below 30 years";"2024";1244;"person";"";
2604000;"Powiat kielecki";"as of the end of December";"over 50 years";"2024";942;"person";"";
2604000;"Powiat kielecki";"as of the end of December";"long-term unemployed";"2024";1504;"person";"";
2605000;"Powiat konecki";"as of the end of December";"total";"2024";2422;"person";"";
2605000;"Powiat konecki";"as of the end of December";"females";"2024";1331;"person";"";
2605000;"Powiat konecki";"as of the end of December";"males";"2024";1091;"person";"";
2605000;"Powiat konecki";"as of the end of December";"below 25 years";"2024";345;"person";"";
2605000;"Powiat konecki";"as of the end of December";"below 30 years";"2024";634;"person";"";
2605000;"Powiat konecki";"as of the end of December";"over 50 years";"2024";628;"person";"";
2605000;"Powiat konecki";"as of the end of December";"long-term unemployed";"2024";992;"person";"";
2606000;"Powiat opatowski";"as of the end of December";"total";"2024";2546;"person";"";
2606000;"Powiat opatowski";"as of the end of December";"females";"2024";1161;"person";"";
2606000;"Powiat opatowski";"as of the end of December";"males";"2024";1385;"person";"";
2606000;"Powiat opatowski";"as of the end of December";"below 25 years";"2024";441;"person";"";
2606000;"Powiat opatowski";"as of the end of December";"below 30 years";"2024";757;"person";"";
2606000;"Powiat opatowski";"as of the end of December";"over 50 years";"2024";579;"person";"";
2606000;"Powiat opatowski";"as of the end of December";"long-term unemployed";"2024";1628;"person";"";
2607000;"Powiat ostrowiecki";"as of the end of December";"total";"2024";3266;"person";"";
2607000;"Powiat ostrowiecki";"as of the end of December";"females";"2024";1647;"person";"";
2607000;"Powiat ostrowiecki";"as of the end of December";"males";"2024";1619;"person";"";
2607000;"Powiat ostrowiecki";"as of the end of December";"below 25 years";"2024";388;"person";"";
2607000;"Powiat ostrowiecki";"as of the end of December";"below 30 years";"2024";789;"person";"";
2607000;"Powiat ostrowiecki";"as of the end of December";"over 50 years";"2024";842;"person";"";
2607000;"Powiat ostrowiecki";"as of the end of December";"long-term unemployed";"2024";1479;"person";"";
2608000;"Powiat pińczowski";"as of the end of December";"total";"2024";877;"person";"";
2608000;"Powiat pińczowski";"as of the end of December";"females";"2024";453;"person";"";
2608000;"Powiat pińczowski";"as of the end of December";"males";"2024";424;"person";"";
2608000;"Powiat pińczowski";"as of the end of December";"below 25 years";"2024";143;"person";"";
2608000;"Powiat pińczowski";"as of the end of December";"below 30 years";"2024";268;"person";"";
2608000;"Powiat pińczowski";"as of the end of December";"over 50 years";"2024";202;"person";"";
2608000;"Powiat pińczowski";"as of the end of December";"long-term unemployed";"2024";557;"person";"";
2609000;"Powiat sandomierski";"as of the end of December";"total";"2024";2131;"person";"";
2609000;"Powiat sandomierski";"as of the end of December";"females";"2024";1046;"person";"";
2609000;"Powiat sandomierski";"as of the end of December";"males";"2024";1085;"person";"";
2609000;"Powiat sandomierski";"as of the end of December";"below 25 years";"2024";394;"person";"";
2609000;"Powiat sandomierski";"as of the end of December";"below 30 years";"2024";697;"person";"";
2609000;"Powiat sandomierski";"as of the end of December";"over 50 years";"2024";433;"person";"";
2609000;"Powiat sandomierski";"as of the end of December";"long-term unemployed";"2024";1180;"person";"";
2610000;"Powiat skarżyski";"as of the end of December";"total";"2024";3268;"person";"";
2610000;"Powiat skarżyski";"as of the end of December";"females";"2024";1512;"person";"";
2610000;"Powiat skarżyski";"as of the end of December";"males";"2024";1756;"person";"";
2610000;"Powiat skarżyski";"as of the end of December";"below 25 years";"2024";270;"person";"";
2610000;"Powiat skarżyski";"as of the end of December";"below 30 years";"2024";550;"person";"";
2610000;"Powiat skarżyski";"as of the end of December";"over 50 years";"2024";972;"person";"";
2610000;"Powiat skarżyski";"as of the end of December";"long-term unemployed";"2024";1975;"person";"";
2611000;"Powiat starachowicki";"as of the end of December";"total";"2024";3109;"person";"";
2611000;"Powiat starachowicki";"as of the end of December";"females";"2024";1422;"person";"";
2611000;"Powiat starachowicki";"as of the end of December";"males";"2024";1687;"person";"";
2611000;"Powiat starachowicki";"as of the end of December";"below 25 years";"2024";298;"person";"";
2611000;"Powiat starachowicki";"as of the end of December";"below 30 years";"2024";616;"person";"";
2611000;"Powiat starachowicki";"as of the end of December";"over 50 years";"2024";861;"person";"";
2611000;"Powiat starachowicki";"as of the end of December";"long-term unemployed";"2024";1831;"person";"";
2612000;"Powiat staszowski";"as of the end of December";"total";"2024";1635;"person";"";
2612000;"Powiat staszowski";"as of the end of December";"females";"2024";867;"person";"";
2612000;"Powiat staszowski";"as of the end of December";"males";"2024";768;"person";"";
2612000;"Powiat staszowski";"as of the end of December";"below 25 years";"2024";283;"person";"";
2612000;"Powiat staszowski";"as of the end of December";"below 30 years";"2024";503;"person";"";
2612000;"Powiat staszowski";"as of the end of December";"over 50 years";"2024";412;"person";"";
2612000;"Powiat staszowski";"as of the end of December";"long-term unemployed";"2024";708;"person";"";
2613000;"Powiat włoszczowski";"as of the end of December";"total";"2024";1010;"person";"";
2613000;"Powiat włoszczowski";"as of the end of December";"females";"2024";588;"person";"";
2613000;"Powiat włoszczowski";"as of the end of December";"males";"2024";422;"person";"";
2613000;"Powiat włoszczowski";"as of the end of December";"below 25 years";"2024";186;"person";"";
2613000;"Powiat włoszczowski";"as of the end of December";"below 30 years";"2024";293;"person";"";
2613000;"Powiat włoszczowski";"as of the end of December";"over 50 years";"2024";280;"person";"";
2613000;"Powiat włoszczowski";"as of the end of December";"long-term unemployed";"2024";500;"person";"";
2661000;"City with powiat status Kielce";"as of the end of December";"total";"2024";4301;"person";"";
2661000;"City with powiat status Kielce";"as of the end of December";"females";"2024";1912;"person";"";
2661000;"City with powiat status Kielce";"as of the end of December";"males";"2024";2389;"person";"";
2661000;"City with powiat status Kielce";"as of the end of December";"below 25 years";"2024";289;"person";"";
2661000;"City with powiat status Kielce";"as of the end of December";"below 30 years";"2024";706;"person";"";
2661000;"City with powiat status Kielce";"as of the end of December";"over 50 years";"2024";1298;"person";"";
2661000;"City with powiat status Kielce";"as of the end of December";"long-term unemployed";"2024";2184;"person";"";
2800000;"WARMIŃSKO-MAZURSKIE";"as of the end of December";"total";"2024";38879;"person";"";
2800000;"WARMIŃSKO-MAZURSKIE";"as of the end of December";"females";"2024";20383;"person";"";
2800000;"WARMIŃSKO-MAZURSKIE";"as of the end of December";"males";"2024";18496;"person";"";
2800000;"WARMIŃSKO-MAZURSKIE";"as of the end of December";"below 25 years";"2024";5214;"person";"";
2800000;"WARMIŃSKO-MAZURSKIE";"as of the end of December";"below 30 years";"2024";9443;"person";"";
2800000;"WARMIŃSKO-MAZURSKIE";"as of the end of December";"over 50 years";"2024";10910;"person";"";
2800000;"WARMIŃSKO-MAZURSKIE";"as of the end of December";"long-term unemployed";"2024";18425;"person";"";
2801000;"Powiat bartoszycki";"as of the end of December";"total";"2024";2577;"person";"";
2801000;"Powiat bartoszycki";"as of the end of December";"females";"2024";1347;"person";"";
2801000;"Powiat bartoszycki";"as of the end of December";"males";"2024";1230;"person";"";
2801000;"Powiat bartoszycki";"as of the end of December";"below 25 years";"2024";358;"person";"";
2801000;"Powiat bartoszycki";"as of the end of December";"below 30 years";"2024";634;"person";"";
2801000;"Powiat bartoszycki";"as of the end of December";"over 50 years";"2024";692;"person";"";
2801000;"Powiat bartoszycki";"as of the end of December";"long-term unemployed";"2024";1465;"person";"";
2802000;"Powiat braniewski";"as of the end of December";"total";"2024";1565;"person";"";
2802000;"Powiat braniewski";"as of the end of December";"females";"2024";814;"person";"";
2802000;"Powiat braniewski";"as of the end of December";"males";"2024";751;"person";"";
2802000;"Powiat braniewski";"as of the end of December";"below 25 years";"2024";199;"person";"";
2802000;"Powiat braniewski";"as of the end of December";"below 30 years";"2024";376;"person";"";
2802000;"Powiat braniewski";"as of the end of December";"over 50 years";"2024";428;"person";"";
2802000;"Powiat braniewski";"as of the end of December";"long-term unemployed";"2024";773;"person";"";
2803000;"Powiat działdowski";"as of the end of December";"total";"2024";2685;"person";"";
2803000;"Powiat działdowski";"as of the end of December";"females";"2024";1549;"person";"";
2803000;"Powiat działdowski";"as of the end of December";"males";"2024";1136;"person";"";
2803000;"Powiat działdowski";"as of the end of December";"below 25 years";"2024";377;"person";"";
2803000;"Powiat działdowski";"as of the end of December";"below 30 years";"2024";683;"person";"";
2803000;"Powiat działdowski";"as of the end of December";"over 50 years";"2024";698;"person";"";
2803000;"Powiat działdowski";"as of the end of December";"long-term unemployed";"2024";1556;"person";"";
2804000;"Powiat elbląski";"as of the end of December";"total";"2024";2280;"person";"";
2804000;"Powiat elbląski";"as of the end of December";"females";"2024";1240;"person";"";
2804000;"Powiat elbląski";"as of the end of December";"males";"2024";1040;"person";"";
2804000;"Powiat elbląski";"as of the end of December";"below 25 years";"2024";301;"person";"";
2804000;"Powiat elbląski";"as of the end of December";"below 30 years";"2024";571;"person";"";
2804000;"Powiat elbląski";"as of the end of December";"over 50 years";"2024";617;"person";"";
2804000;"Powiat elbląski";"as of the end of December";"long-term unemployed";"2024";1281;"person";"";
2805000;"Powiat ełcki";"as of the end of December";"total";"2024";3088;"person";"";
2805000;"Powiat ełcki";"as of the end of December";"females";"2024";1540;"person";"";
2805000;"Powiat ełcki";"as of the end of December";"males";"2024";1548;"person";"";
2805000;"Powiat ełcki";"as of the end of December";"below 25 years";"2024";391;"person";"";
2805000;"Powiat ełcki";"as of the end of December";"below 30 years";"2024";718;"person";"";
2805000;"Powiat ełcki";"as of the end of December";"over 50 years";"2024";771;"person";"";
2805000;"Powiat ełcki";"as of the end of December";"long-term unemployed";"2024";1481;"person";"";
2806000;"Powiat giżycki";"as of the end of December";"total";"2024";1487;"person";"";
2806000;"Powiat giżycki";"as of the end of December";"females";"2024";737;"person";"";
2806000;"Powiat giżycki";"as of the end of December";"males";"2024";750;"person";"";
2806000;"Powiat giżycki";"as of the end of December";"below 25 years";"2024";245;"person";"";
2806000;"Powiat giżycki";"as of the end of December";"below 30 years";"2024";400;"person";"";
2806000;"Powiat giżycki";"as of the end of December";"over 50 years";"2024";438;"person";"";
2806000;"Powiat giżycki";"as of the end of December";"long-term unemployed";"2024";637;"person";"";
2807000;"Powiat iławski";"as of the end of December";"total";"2024";1359;"person";"";
2807000;"Powiat iławski";"as of the end of December";"females";"2024";826;"person";"";
2807000;"Powiat iławski";"as of the end of December";"males";"2024";533;"person";"";
2807000;"Powiat iławski";"as of the end of December";"below 25 years";"2024";256;"person";"";
2807000;"Powiat iławski";"as of the end of December";"below 30 years";"2024";402;"person";"";
2807000;"Powiat iławski";"as of the end of December";"over 50 years";"2024";354;"person";"";
2807000;"Powiat iławski";"as of the end of December";"long-term unemployed";"2024";434;"person";"";
2808000;"Powiat kętrzyński";"as of the end of December";"total";"2024";2773;"person";"";
2808000;"Powiat kętrzyński";"as of the end of December";"females";"2024";1337;"person";"";
2808000;"Powiat kętrzyński";"as of the end of December";"males";"2024";1436;"person";"";
2808000;"Powiat kętrzyński";"as of the end of December";"below 25 years";"2024";291;"person";"";
2808000;"Powiat kętrzyński";"as of the end of December";"below 30 years";"2024";572;"person";"";
2808000;"Powiat kętrzyński";"as of the end of December";"over 50 years";"2024";807;"person";"";
2808000;"Powiat kętrzyński";"as of the end of December";"long-term unemployed";"2024";1637;"person";"";
2809000;"Powiat lidzbarski";"as of the end of December";"total";"2024";1319;"person";"";
2809000;"Powiat lidzbarski";"as of the end of December";"females";"2024";727;"person";"";
2809000;"Powiat lidzbarski";"as of the end of December";"males";"2024";592;"person";"";
2809000;"Powiat lidzbarski";"as of the end of December";"below 25 years";"2024";159;"person";"";
2809000;"Powiat lidzbarski";"as of the end of December";"below 30 years";"2024";297;"person";"";
2809000;"Powiat lidzbarski";"as of the end of December";"over 50 years";"2024";449;"person";"";
2809000;"Powiat lidzbarski";"as of the end of December";"long-term unemployed";"2024";588;"person";"";
2810000;"Powiat mrągowski";"as of the end of December";"total";"2024";1251;"person";"";
2810000;"Powiat mrągowski";"as of the end of December";"females";"2024";590;"person";"";
2810000;"Powiat mrągowski";"as of the end of December";"males";"2024";661;"person";"";
2810000;"Powiat mrągowski";"as of the end of December";"below 25 years";"2024";197;"person";"";
2810000;"Powiat mrągowski";"as of the end of December";"below 30 years";"2024";328;"person";"";
2810000;"Powiat mrągowski";"as of the end of December";"over 50 years";"2024";377;"person";"";
2810000;"Powiat mrągowski";"as of the end of December";"long-term unemployed";"2024";453;"person";"";
2811000;"Powiat nidzicki";"as of the end of December";"total";"2024";627;"person";"";
2811000;"Powiat nidzicki";"as of the end of December";"females";"2024";335;"person";"";
2811000;"Powiat nidzicki";"as of the end of December";"males";"2024";292;"person";"";
2811000;"Powiat nidzicki";"as of the end of December";"below 25 years";"2024";97;"person";"";
2811000;"Powiat nidzicki";"as of the end of December";"below 30 years";"2024";164;"person";"";
2811000;"Powiat nidzicki";"as of the end of December";"over 50 years";"2024";176;"person";"";
2811000;"Powiat nidzicki";"as of the end of December";"long-term unemployed";"2024";263;"person";"";
2812000;"Powiat nowomiejski";"as of the end of December";"total";"2024";1532;"person";"";
2812000;"Powiat nowomiejski";"as of the end of December";"females";"2024";947;"person";"";
2812000;"Powiat nowomiejski";"as of the end of December";"males";"2024";585;"person";"";
2812000;"Powiat nowomiejski";"as of the end of December";"below 25 years";"2024";292;"person";"";
2812000;"Powiat nowomiejski";"as of the end of December";"below 30 years";"2024";479;"person";"";
2812000;"Powiat nowomiejski";"as of the end of December";"over 50 years";"2024";359;"person";"";
2812000;"Powiat nowomiejski";"as of the end of December";"long-term unemployed";"2024";806;"person";"";
2813000;"Powiat olecki";"as of the end of December";"total";"2024";1436;"person";"";
2813000;"Powiat olecki";"as of the end of December";"females";"2024";718;"person";"";
2813000;"Powiat olecki";"as of the end of December";"males";"2024";718;"person";"";
2813000;"Powiat olecki";"as of the end of December";"below 25 years";"2024";182;"person";"";
2813000;"Powiat olecki";"as of the end of December";"below 30 years";"2024";321;"person";"";
2813000;"Powiat olecki";"as of the end of December";"over 50 years";"2024";391;"person";"";
2813000;"Powiat olecki";"as of the end of December";"long-term unemployed";"2024";883;"person";"";
2814000;"Powiat olsztyński";"as of the end of December";"total";"2024";2588;"person";"";
2814000;"Powiat olsztyński";"as of the end of December";"females";"2024";1292;"person";"";
2814000;"Powiat olsztyński";"as of the end of December";"males";"2024";1296;"person";"";
2814000;"Powiat olsztyński";"as of the end of December";"below 25 years";"2024";324;"person";"";
2814000;"Powiat olsztyński";"as of the end of December";"below 30 years";"2024";622;"person";"";
2814000;"Powiat olsztyński";"as of the end of December";"over 50 years";"2024";728;"person";"";
2814000;"Powiat olsztyński";"as of the end of December";"long-term unemployed";"2024";1043;"person";"";
2815000;"Powiat ostródzki";"as of the end of December";"total";"2024";3055;"person";"";
2815000;"Powiat ostródzki";"as of the end of December";"females";"2024";1632;"person";"";
2815000;"Powiat ostródzki";"as of the end of December";"males";"2024";1423;"person";"";
2815000;"Powiat ostródzki";"as of the end of December";"below 25 years";"2024";436;"person";"";
2815000;"Powiat ostródzki";"as of the end of December";"below 30 years";"2024";792;"person";"";
2815000;"Powiat ostródzki";"as of the end of December";"over 50 years";"2024";877;"person";"";
2815000;"Powiat ostródzki";"as of the end of December";"long-term unemployed";"2024";1258;"person";"";
2816000;"Powiat piski";"as of the end of December";"total";"2024";1851;"person";"";
2816000;"Powiat piski";"as of the end of December";"females";"2024";970;"person";"";
2816000;"Powiat piski";"as of the end of December";"males";"2024";881;"person";"";
2816000;"Powiat piski";"as of the end of December";"below 25 years";"2024";268;"person";"";
2816000;"Powiat piski";"as of the end of December";"below 30 years";"2024";466;"person";"";
2816000;"Powiat piski";"as of the end of December";"over 50 years";"2024";548;"person";"";
2816000;"Powiat piski";"as of the end of December";"long-term unemployed";"2024";884;"person";"";
2817000;"Powiat szczycieński";"as of the end of December";"total";"2024";1960;"person";"";
2817000;"Powiat szczycieński";"as of the end of December";"females";"2024";1024;"person";"";
2817000;"Powiat szczycieński";"as of the end of December";"males";"2024";936;"person";"";
2817000;"Powiat szczycieński";"as of the end of December";"below 25 years";"2024";289;"person";"";
2817000;"Powiat szczycieński";"as of the end of December";"below 30 years";"2024";520;"person";"";
2817000;"Powiat szczycieński";"as of the end of December";"over 50 years";"2024";518;"person";"";
2817000;"Powiat szczycieński";"as of the end of December";"long-term unemployed";"2024";771;"person";"";
2818000;"Powiat gołdapski";"as of the end of December";"total";"2024";576;"person";"";
2818000;"Powiat gołdapski";"as of the end of December";"females";"2024";335;"person";"";
2818000;"Powiat gołdapski";"as of the end of December";"males";"2024";241;"person";"";
2818000;"Powiat gołdapski";"as of the end of December";"below 25 years";"2024";84;"person";"";
2818000;"Powiat gołdapski";"as of the end of December";"below 30 years";"2024";140;"person";"";
2818000;"Powiat gołdapski";"as of the end of December";"over 50 years";"2024";181;"person";"";
2818000;"Powiat gołdapski";"as of the end of December";"long-term unemployed";"2024";273;"person";"";
2819000;"Powiat węgorzewski";"as of the end of December";"total";"2024";727;"person";"";
2819000;"Powiat węgorzewski";"as of the end of December";"females";"2024";324;"person";"";
2819000;"Powiat węgorzewski";"as of the end of December";"males";"2024";403;"person";"";
2819000;"Powiat węgorzewski";"as of the end of December";"below 25 years";"2024";84;"person";"";
2819000;"Powiat węgorzewski";"as of the end of December";"below 30 years";"2024";144;"person";"";
2819000;"Powiat węgorzewski";"as of the end of December";"over 50 years";"2024";246;"person";"";
2819000;"Powiat węgorzewski";"as of the end of December";"long-term unemployed";"2024";317;"person";"";
2861000;"City with powiat status Elbląg";"as of the end of December";"total";"2024";2451;"person";"";
2861000;"City with powiat status Elbląg";"as of the end of December";"females";"2024";1273;"person";"";
2861000;"City with powiat status Elbląg";"as of the end of December";"males";"2024";1178;"person";"";
2861000;"City with powiat status Elbląg";"as of the end of December";"below 25 years";"2024";237;"person";"";
2861000;"City with powiat status Elbląg";"as of the end of December";"below 30 years";"2024";474;"person";"";
2861000;"City with powiat status Elbląg";"as of the end of December";"over 50 years";"2024";744;"person";"";
2861000;"City with powiat status Elbląg";"as of the end of December";"long-term unemployed";"2024";1133;"person";"";
2862000;"City with powiat status Olsztyn";"as of the end of December";"total";"2024";1692;"person";"";
2862000;"City with powiat status Olsztyn";"as of the end of December";"females";"2024";826;"person";"";
2862000;"City with powiat status Olsztyn";"as of the end of December";"males";"2024";866;"person";"";
2862000;"City with powiat status Olsztyn";"as of the end of December";"below 25 years";"2024";147;"person";"";
2862000;"City with powiat status Olsztyn";"as of the end of December";"below 30 years";"2024";340;"person";"";
2862000;"City with powiat status Olsztyn";"as of the end of December";"over 50 years";"2024";511;"person";"";
2862000;"City with powiat status Olsztyn";"as of the end of December";"long-term unemployed";"2024";489;"person";"";
3000000;"WIELKOPOLSKIE";"as of the end of December";"total";"2024";46625;"person";"";
3000000;"WIELKOPOLSKIE";"as of the end of December";"females";"2024";26732;"person";"";
3000000;"WIELKOPOLSKIE";"as of the end of December";"males";"2024";19893;"person";"";
3000000;"WIELKOPOLSKIE";"as of the end of December";"below 25 years";"2024";7245;"person";"";
3000000;"WIELKOPOLSKIE";"as of the end of December";"below 30 years";"2024";12342;"person";"";
3000000;"WIELKOPOLSKIE";"as of the end of December";"over 50 years";"2024";11979;"person";"";
3000000;"WIELKOPOLSKIE";"as of the end of December";"long-term unemployed";"2024";18370;"person";"";
3001000;"Powiat chodzieski";"as of the end of December";"total";"2024";1392;"person";"";
3001000;"Powiat chodzieski";"as of the end of December";"females";"2024";821;"person";"";
3001000;"Powiat chodzieski";"as of the end of December";"males";"2024";571;"person";"";
3001000;"Powiat chodzieski";"as of the end of December";"below 25 years";"2024";207;"person";"";
3001000;"Powiat chodzieski";"as of the end of December";"below 30 years";"2024";376;"person";"";
3001000;"Powiat chodzieski";"as of the end of December";"over 50 years";"2024";366;"person";"";
3001000;"Powiat chodzieski";"as of the end of December";"long-term unemployed";"2024";714;"person";"";
3002000;"Powiat czarnkowsko-trzcianecki";"as of the end of December";"total";"2024";1436;"person";"";
3002000;"Powiat czarnkowsko-trzcianecki";"as of the end of December";"females";"2024";800;"person";"";
3002000;"Powiat czarnkowsko-trzcianecki";"as of the end of December";"males";"2024";636;"person";"";
3002000;"Powiat czarnkowsko-trzcianecki";"as of the end of December";"below 25 years";"2024";263;"person";"";
3002000;"Powiat czarnkowsko-trzcianecki";"as of the end of December";"below 30 years";"2024";410;"person";"";
3002000;"Powiat czarnkowsko-trzcianecki";"as of the end of December";"over 50 years";"2024";381;"person";"";
3002000;"Powiat czarnkowsko-trzcianecki";"as of the end of December";"long-term unemployed";"2024";502;"person";"";
3003000;"Powiat gnieźnieński";"as of the end of December";"total";"2024";2180;"person";"";
3003000;"Powiat gnieźnieński";"as of the end of December";"females";"2024";1236;"person";"";
3003000;"Powiat gnieźnieński";"as of the end of December";"males";"2024";944;"person";"";
3003000;"Powiat gnieźnieński";"as of the end of December";"below 25 years";"2024";295;"person";"";
3003000;"Powiat gnieźnieński";"as of the end of December";"below 30 years";"2024";497;"person";"";
3003000;"Powiat gnieźnieński";"as of the end of December";"over 50 years";"2024";610;"person";"";
3003000;"Powiat gnieźnieński";"as of the end of December";"long-term unemployed";"2024";833;"person";"";
3004000;"Powiat gostyński";"as of the end of December";"total";"2024";1569;"person";"";
3004000;"Powiat gostyński";"as of the end of December";"females";"2024";867;"person";"";
3004000;"Powiat gostyński";"as of the end of December";"males";"2024";702;"person";"";
3004000;"Powiat gostyński";"as of the end of December";"below 25 years";"2024";296;"person";"";
3004000;"Powiat gostyński";"as of the end of December";"below 30 years";"2024";466;"person";"";
3004000;"Powiat gostyński";"as of the end of December";"over 50 years";"2024";368;"person";"";
3004000;"Powiat gostyński";"as of the end of December";"long-term unemployed";"2024";660;"person";"";
3005000;"Powiat grodziski";"as of the end of December";"total";"2024";985;"person";"";
3005000;"Powiat grodziski";"as of the end of December";"females";"2024";542;"person";"";
3005000;"Powiat grodziski";"as of the end of December";"males";"2024";443;"person";"";
3005000;"Powiat grodziski";"as of the end of December";"below 25 years";"2024";174;"person";"";
3005000;"Powiat grodziski";"as of the end of December";"below 30 years";"2024";267;"person";"";
3005000;"Powiat grodziski";"as of the end of December";"over 50 years";"2024";257;"person";"";
3005000;"Powiat grodziski";"as of the end of December";"long-term unemployed";"2024";454;"person";"";
3006000;"Powiat jarociński";"as of the end of December";"total";"2024";1241;"person";"";
3006000;"Powiat jarociński";"as of the end of December";"females";"2024";740;"person";"";
3006000;"Powiat jarociński";"as of the end of December";"males";"2024";501;"person";"";
3006000;"Powiat jarociński";"as of the end of December";"below 25 years";"2024";223;"person";"";
3006000;"Powiat jarociński";"as of the end of December";"below 30 years";"2024";349;"person";"";
3006000;"Powiat jarociński";"as of the end of December";"over 50 years";"2024";297;"person";"";
3006000;"Powiat jarociński";"as of the end of December";"long-term unemployed";"2024";493;"person";"";
3007000;"Powiat kaliski";"as of the end of December";"total";"2024";1013;"person";"";
3007000;"Powiat kaliski";"as of the end of December";"females";"2024";558;"person";"";
3007000;"Powiat kaliski";"as of the end of December";"males";"2024";455;"person";"";
3007000;"Powiat kaliski";"as of the end of December";"below 25 years";"2024";192;"person";"";
3007000;"Powiat kaliski";"as of the end of December";"below 30 years";"2024";312;"person";"";
3007000;"Powiat kaliski";"as of the end of December";"over 50 years";"2024";267;"person";"";
3007000;"Powiat kaliski";"as of the end of December";"long-term unemployed";"2024";470;"person";"";
3008000;"Powiat kępiński";"as of the end of December";"total";"2024";516;"person";"";
3008000;"Powiat kępiński";"as of the end of December";"females";"2024";315;"person";"";
3008000;"Powiat kępiński";"as of the end of December";"males";"2024";201;"person";"";
3008000;"Powiat kępiński";"as of the end of December";"below 25 years";"2024";102;"person";"";
3008000;"Powiat kępiński";"as of the end of December";"below 30 years";"2024";157;"person";"";
3008000;"Powiat kępiński";"as of the end of December";"over 50 years";"2024";139;"person";"";
3008000;"Powiat kępiński";"as of the end of December";"long-term unemployed";"2024";215;"person";"";
3009000;"Powiat kolski";"as of the end of December";"total";"2024";1021;"person";"";
3009000;"Powiat kolski";"as of the end of December";"females";"2024";589;"person";"";
3009000;"Powiat kolski";"as of the end of December";"males";"2024";432;"person";"";
3009000;"Powiat kolski";"as of the end of December";"below 25 years";"2024";216;"person";"";
3009000;"Powiat kolski";"as of the end of December";"below 30 years";"2024";353;"person";"";
3009000;"Powiat kolski";"as of the end of December";"over 50 years";"2024";248;"person";"";
3009000;"Powiat kolski";"as of the end of December";"long-term unemployed";"2024";283;"person";"";
3010000;"Powiat koniński";"as of the end of December";"total";"2024";3424;"person";"";
3010000;"Powiat koniński";"as of the end of December";"females";"2024";2085;"person";"";
3010000;"Powiat koniński";"as of the end of December";"males";"2024";1339;"person";"";
3010000;"Powiat koniński";"as of the end of December";"below 25 years";"2024";622;"person";"";
3010000;"Powiat koniński";"as of the end of December";"below 30 years";"2024";1068;"person";"";
3010000;"Powiat koniński";"as of the end of December";"over 50 years";"2024";691;"person";"";
3010000;"Powiat koniński";"as of the end of December";"long-term unemployed";"2024";1817;"person";"";
3011000;"Powiat kościański";"as of the end of December";"total";"2024";890;"person";"";
3011000;"Powiat kościański";"as of the end of December";"females";"2024";572;"person";"";
3011000;"Powiat kościański";"as of the end of December";"males";"2024";318;"person";"";
3011000;"Powiat kościański";"as of the end of December";"below 25 years";"2024";129;"person";"";
3011000;"Powiat kościański";"as of the end of December";"below 30 years";"2024";234;"person";"";
3011000;"Powiat kościański";"as of the end of December";"over 50 years";"2024";242;"person";"";
3011000;"Powiat kościański";"as of the end of December";"long-term unemployed";"2024";357;"person";"";
3012000;"Powiat krotoszyński";"as of the end of December";"total";"2024";1073;"person";"";
3012000;"Powiat krotoszyński";"as of the end of December";"females";"2024";605;"person";"";
3012000;"Powiat krotoszyński";"as of the end of December";"males";"2024";468;"person";"";
3012000;"Powiat krotoszyński";"as of the end of December";"below 25 years";"2024";196;"person";"";
3012000;"Powiat krotoszyński";"as of the end of December";"below 30 years";"2024";305;"person";"";
3012000;"Powiat krotoszyński";"as of the end of December";"over 50 years";"2024";289;"person";"";
3012000;"Powiat krotoszyński";"as of the end of December";"long-term unemployed";"2024";430;"person";"";
3013000;"Powiat leszczyński";"as of the end of December";"total";"2024";611;"person";"";
3013000;"Powiat leszczyński";"as of the end of December";"females";"2024";376;"person";"";
3013000;"Powiat leszczyński";"as of the end of December";"males";"2024";235;"person";"";
3013000;"Powiat leszczyński";"as of the end of December";"below 25 years";"2024";131;"person";"";
3013000;"Powiat leszczyński";"as of the end of December";"below 30 years";"2024";193;"person";"";
3013000;"Powiat leszczyński";"as of the end of December";"over 50 years";"2024";147;"person";"";
3013000;"Powiat leszczyński";"as of the end of December";"long-term unemployed";"2024";203;"person";"";
3014000;"Powiat międzychodzki";"as of the end of December";"total";"2024";630;"person";"";
3014000;"Powiat międzychodzki";"as of the end of December";"females";"2024";395;"person";"";
3014000;"Powiat międzychodzki";"as of the end of December";"males";"2024";235;"person";"";
3014000;"Powiat międzychodzki";"as of the end of December";"below 25 years";"2024";125;"person";"";
3014000;"Powiat międzychodzki";"as of the end of December";"below 30 years";"2024";207;"person";"";
3014000;"Powiat międzychodzki";"as of the end of December";"over 50 years";"2024";144;"person";"";
3014000;"Powiat międzychodzki";"as of the end of December";"long-term unemployed";"2024";202;"person";"";
3015000;"Powiat nowotomyski";"as of the end of December";"total";"2024";720;"person";"";
3015000;"Powiat nowotomyski";"as of the end of December";"females";"2024";412;"person";"";
3015000;"Powiat nowotomyski";"as of the end of December";"males";"2024";308;"person";"";
3015000;"Powiat nowotomyski";"as of the end of December";"below 25 years";"2024";118;"person";"";
3015000;"Powiat nowotomyski";"as of the end of December";"below 30 years";"2024";214;"person";"";
3015000;"Powiat nowotomyski";"as of the end of December";"over 50 years";"2024";182;"person";"";
3015000;"Powiat nowotomyski";"as of the end of December";"long-term unemployed";"2024";265;"person";"";
3016000;"Powiat obornicki";"as of the end of December";"total";"2024";679;"person";"";
3016000;"Powiat obornicki";"as of the end of December";"females";"2024";372;"person";"";
3016000;"Powiat obornicki";"as of the end of December";"males";"2024";307;"person";"";
3016000;"Powiat obornicki";"as of the end of December";"below 25 years";"2024";113;"person";"";
3016000;"Powiat obornicki";"as of the end of December";"below 30 years";"2024";166;"person";"";
3016000;"Powiat obornicki";"as of the end of December";"over 50 years";"2024";185;"person";"";
3016000;"Powiat obornicki";"as of the end of December";"long-term unemployed";"2024";199;"person";"";
3017000;"Powiat ostrowski";"as of the end of December";"total";"2024";1950;"person";"";
3017000;"Powiat ostrowski";"as of the end of December";"females";"2024";1127;"person";"";
3017000;"Powiat ostrowski";"as of the end of December";"males";"2024";823;"person";"";
3017000;"Powiat ostrowski";"as of the end of December";"below 25 years";"2024";319;"person";"";
3017000;"Powiat ostrowski";"as of the end of December";"below 30 years";"2024";495;"person";"";
3017000;"Powiat ostrowski";"as of the end of December";"over 50 years";"2024";507;"person";"";
3017000;"Powiat ostrowski";"as of the end of December";"long-term unemployed";"2024";587;"person";"";
3018000;"Powiat ostrzeszowski";"as of the end of December";"total";"2024";870;"person";"";
3018000;"Powiat ostrzeszowski";"as of the end of December";"females";"2024";516;"person";"";
3018000;"Powiat ostrzeszowski";"as of the end of December";"males";"2024";354;"person";"";
3018000;"Powiat ostrzeszowski";"as of the end of December";"below 25 years";"2024";173;"person";"";
3018000;"Powiat ostrzeszowski";"as of the end of December";"below 30 years";"2024";269;"person";"";
3018000;"Powiat ostrzeszowski";"as of the end of December";"over 50 years";"2024";218;"person";"";
3018000;"Powiat ostrzeszowski";"as of the end of December";"long-term unemployed";"2024";311;"person";"";
3019000;"Powiat pilski";"as of the end of December";"total";"2024";2333;"person";"";
3019000;"Powiat pilski";"as of the end of December";"females";"2024";1251;"person";"";
3019000;"Powiat pilski";"as of the end of December";"males";"2024";1082;"person";"";
3019000;"Powiat pilski";"as of the end of December";"below 25 years";"2024";352;"person";"";
3019000;"Powiat pilski";"as of the end of December";"below 30 years";"2024";599;"person";"";
3019000;"Powiat pilski";"as of the end of December";"over 50 years";"2024";644;"person";"";
3019000;"Powiat pilski";"as of the end of December";"long-term unemployed";"2024";787;"person";"";
3020000;"Powiat pleszewski";"as of the end of December";"total";"2024";797;"person";"";
3020000;"Powiat pleszewski";"as of the end of December";"females";"2024";458;"person";"";
3020000;"Powiat pleszewski";"as of the end of December";"males";"2024";339;"person";"";
3020000;"Powiat pleszewski";"as of the end of December";"below 25 years";"2024";191;"person";"";
3020000;"Powiat pleszewski";"as of the end of December";"below 30 years";"2024";290;"person";"";
3020000;"Powiat pleszewski";"as of the end of December";"over 50 years";"2024";161;"person";"";
3020000;"Powiat pleszewski";"as of the end of December";"long-term unemployed";"2024";242;"person";"";
3021000;"Powiat poznański";"as of the end of December";"total";"2024";2170;"person";"";
3021000;"Powiat poznański";"as of the end of December";"females";"2024";1227;"person";"";
3021000;"Powiat poznański";"as of the end of December";"males";"2024";943;"person";"";
3021000;"Powiat poznański";"as of the end of December";"below 25 years";"2024";220;"person";"";
3021000;"Powiat poznański";"as of the end of December";"below 30 years";"2024";448;"person";"";
3021000;"Powiat poznański";"as of the end of December";"over 50 years";"2024";584;"person";"";
3021000;"Powiat poznański";"as of the end of December";"long-term unemployed";"2024";567;"person";"";
3022000;"Powiat rawicki";"as of the end of December";"total";"2024";932;"person";"";
3022000;"Powiat rawicki";"as of the end of December";"females";"2024";527;"person";"";
3022000;"Powiat rawicki";"as of the end of December";"males";"2024";405;"person";"";
3022000;"Powiat rawicki";"as of the end of December";"below 25 years";"2024";216;"person";"";
3022000;"Powiat rawicki";"as of the end of December";"below 30 years";"2024";324;"person";"";
3022000;"Powiat rawicki";"as of the end of December";"over 50 years";"2024";199;"person";"";
3022000;"Powiat rawicki";"as of the end of December";"long-term unemployed";"2024";366;"person";"";
3023000;"Powiat słupecki";"as of the end of December";"total";"2024";1532;"person";"";
3023000;"Powiat słupecki";"as of the end of December";"females";"2024";888;"person";"";
3023000;"Powiat słupecki";"as of the end of December";"males";"2024";644;"person";"";
3023000;"Powiat słupecki";"as of the end of December";"below 25 years";"2024";266;"person";"";
3023000;"Powiat słupecki";"as of the end of December";"below 30 years";"2024";454;"person";"";
3023000;"Powiat słupecki";"as of the end of December";"over 50 years";"2024";346;"person";"";
3023000;"Powiat słupecki";"as of the end of December";"long-term unemployed";"2024";761;"person";"";
3024000;"Powiat szamotulski";"as of the end of December";"total";"2024";1208;"person";"";
3024000;"Powiat szamotulski";"as of the end of December";"females";"2024";690;"person";"";
3024000;"Powiat szamotulski";"as of the end of December";"males";"2024";518;"person";"";
3024000;"Powiat szamotulski";"as of the end of December";"below 25 years";"2024";220;"person";"";
3024000;"Powiat szamotulski";"as of the end of December";"below 30 years";"2024";336;"person";"";
3024000;"Powiat szamotulski";"as of the end of December";"over 50 years";"2024";333;"person";"";
3024000;"Powiat szamotulski";"as of the end of December";"long-term unemployed";"2024";481;"person";"";
3025000;"Powiat średzki";"as of the end of December";"total";"2024";1361;"person";"";
3025000;"Powiat średzki";"as of the end of December";"females";"2024";783;"person";"";
3025000;"Powiat średzki";"as of the end of December";"males";"2024";578;"person";"";
3025000;"Powiat średzki";"as of the end of December";"below 25 years";"2024";194;"person";"";
3025000;"Powiat średzki";"as of the end of December";"below 30 years";"2024";349;"person";"";
3025000;"Powiat średzki";"as of the end of December";"over 50 years";"2024";346;"person";"";
3025000;"Powiat średzki";"as of the end of December";"long-term unemployed";"2024";635;"person";"";
3026000;"Powiat śremski";"as of the end of December";"total";"2024";657;"person";"";
3026000;"Powiat śremski";"as of the end of December";"females";"2024";413;"person";"";
3026000;"Powiat śremski";"as of the end of December";"males";"2024";244;"person";"";
3026000;"Powiat śremski";"as of the end of December";"below 25 years";"2024";114;"person";"";
3026000;"Powiat śremski";"as of the end of December";"below 30 years";"2024";190;"person";"";
3026000;"Powiat śremski";"as of the end of December";"over 50 years";"2024";165;"person";"";
3026000;"Powiat śremski";"as of the end of December";"long-term unemployed";"2024";197;"person";"";
3027000;"Powiat turecki";"as of the end of December";"total";"2024";1167;"person";"";
3027000;"Powiat turecki";"as of the end of December";"females";"2024";715;"person";"";
3027000;"Powiat turecki";"as of the end of December";"males";"2024";452;"person";"";
3027000;"Powiat turecki";"as of the end of December";"below 25 years";"2024";211;"person";"";
3027000;"Powiat turecki";"as of the end of December";"below 30 years";"2024";365;"person";"";
3027000;"Powiat turecki";"as of the end of December";"over 50 years";"2024";279;"person";"";
3027000;"Powiat turecki";"as of the end of December";"long-term unemployed";"2024";442;"person";"";
3028000;"Powiat wągrowiecki";"as of the end of December";"total";"2024";1231;"person";"";
3028000;"Powiat wągrowiecki";"as of the end of December";"females";"2024";767;"person";"";
3028000;"Powiat wągrowiecki";"as of the end of December";"males";"2024";464;"person";"";
3028000;"Powiat wągrowiecki";"as of the end of December";"below 25 years";"2024";217;"person";"";
3028000;"Powiat wągrowiecki";"as of the end of December";"below 30 years";"2024";347;"person";"";
3028000;"Powiat wągrowiecki";"as of the end of December";"over 50 years";"2024";316;"person";"";
3028000;"Powiat wągrowiecki";"as of the end of December";"long-term unemployed";"2024";515;"person";"";
3029000;"Powiat wolsztyński";"as of the end of December";"total";"2024";385;"person";"";
3029000;"Powiat wolsztyński";"as of the end of December";"females";"2024";232;"person";"";
3029000;"Powiat wolsztyński";"as of the end of December";"males";"2024";153;"person";"";
3029000;"Powiat wolsztyński";"as of the end of December";"below 25 years";"2024";81;"person";"";
3029000;"Powiat wolsztyński";"as of the end of December";"below 30 years";"2024";131;"person";"";
3029000;"Powiat wolsztyński";"as of the end of December";"over 50 years";"2024";85;"person";"";
3029000;"Powiat wolsztyński";"as of the end of December";"long-term unemployed";"2024";111;"person";"";
3030000;"Powiat wrzesiński";"as of the end of December";"total";"2024";1164;"person";"";
3030000;"Powiat wrzesiński";"as of the end of December";"females";"2024";699;"person";"";
3030000;"Powiat wrzesiński";"as of the end of December";"males";"2024";465;"person";"";
3030000;"Powiat wrzesiński";"as of the end of December";"below 25 years";"2024";184;"person";"";
3030000;"Powiat wrzesiński";"as of the end of December";"below 30 years";"2024";320;"person";"";
3030000;"Powiat wrzesiński";"as of the end of December";"over 50 years";"2024";277;"person";"";
3030000;"Powiat wrzesiński";"as of the end of December";"long-term unemployed";"2024";462;"person";"";
3031000;"Powiat złotowski";"as of the end of December";"total";"2024";1490;"person";"";
3031000;"Powiat złotowski";"as of the end of December";"females";"2024";833;"person";"";
3031000;"Powiat złotowski";"as of the end of December";"males";"2024";657;"person";"";
3031000;"Powiat złotowski";"as of the end of December";"below 25 years";"2024";217;"person";"";
3031000;"Powiat złotowski";"as of the end of December";"below 30 years";"2024";378;"person";"";
3031000;"Powiat złotowski";"as of the end of December";"over 50 years";"2024";398;"person";"";
3031000;"Powiat złotowski";"as of the end of December";"long-term unemployed";"2024";625;"person";"";
3061000;"City with powiat status Kalisz";"as of the end of December";"total";"2024";1627;"person";"";
3061000;"City with powiat status Kalisz";"as of the end of December";"females";"2024";833;"person";"";
3061000;"City with powiat status Kalisz";"as of the end of December";"males";"2024";794;"person";"";
3061000;"City with powiat status Kalisz";"as of the end of December";"below 25 years";"2024";134;"person";"";
3061000;"City with powiat status Kalisz";"as of the end of December";"below 30 years";"2024";312;"person";"";
3061000;"City with powiat status Kalisz";"as of the end of December";"over 50 years";"2024";491;"person";"";
3061000;"City with powiat status Kalisz";"as of the end of December";"long-term unemployed";"2024";764;"person";"";
3062000;"City with powiat status Konin";"as of the end of December";"total";"2024";1838;"person";"";
3062000;"City with powiat status Konin";"as of the end of December";"females";"2024";1082;"person";"";
3062000;"City with powiat status Konin";"as of the end of December";"males";"2024";756;"person";"";
3062000;"City with powiat status Konin";"as of the end of December";"below 25 years";"2024";159;"person";"";
3062000;"City with powiat status Konin";"as of the end of December";"below 30 years";"2024";322;"person";"";
3062000;"City with powiat status Konin";"as of the end of December";"over 50 years";"2024";559;"person";"";
3062000;"City with powiat status Konin";"as of the end of December";"long-term unemployed";"2024";978;"person";"";
3063000;"City with powiat status Leszno";"as of the end of December";"total";"2024";942;"person";"";
3063000;"City with powiat status Leszno";"as of the end of December";"females";"2024";553;"person";"";
3063000;"City with powiat status Leszno";"as of the end of December";"males";"2024";389;"person";"";
3063000;"City with powiat status Leszno";"as of the end of December";"below 25 years";"2024";138;"person";"";
3063000;"City with powiat status Leszno";"as of the end of December";"below 30 years";"2024";227;"person";"";
3063000;"City with powiat status Leszno";"as of the end of December";"over 50 years";"2024";231;"person";"";
3063000;"City with powiat status Leszno";"as of the end of December";"long-term unemployed";"2024";358;"person";"";
3064000;"City with powiat status Poznań";"as of the end of December";"total";"2024";3591;"person";"";
3064000;"City with powiat status Poznań";"as of the end of December";"females";"2024";1853;"person";"";
3064000;"City with powiat status Poznań";"as of the end of December";"males";"2024";1738;"person";"";
3064000;"City with powiat status Poznań";"as of the end of December";"below 25 years";"2024";237;"person";"";
3064000;"City with powiat status Poznań";"as of the end of December";"below 30 years";"2024";612;"person";"";
3064000;"City with powiat status Poznań";"as of the end of December";"over 50 years";"2024";1027;"person";"";
3064000;"City with powiat status Poznań";"as of the end of December";"long-term unemployed";"2024";1084;"person";"";
3200000;"ZACHODNIOPOMORSKIE";"as of the end of December";"total";"2024";39675;"person";"";
3200000;"ZACHODNIOPOMORSKIE";"as of the end of December";"females";"2024";21217;"person";"";
3200000;"ZACHODNIOPOMORSKIE";"as of the end of December";"males";"2024";18458;"person";"";
3200000;"ZACHODNIOPOMORSKIE";"as of the end of December";"below 25 years";"2024";4330;"person";"";
3200000;"ZACHODNIOPOMORSKIE";"as of the end of December";"below 30 years";"2024";8331;"person";"";
3200000;"ZACHODNIOPOMORSKIE";"as of the end of December";"over 50 years";"2024";11523;"person";"";
3200000;"ZACHODNIOPOMORSKIE";"as of the end of December";"long-term unemployed";"2024";19410;"person";"";
3201000;"Powiat białogardzki";"as of the end of December";"total";"2024";2383;"person";"";
3201000;"Powiat białogardzki";"as of the end of December";"females";"2024";1244;"person";"";
3201000;"Powiat białogardzki";"as of the end of December";"males";"2024";1139;"person";"";
3201000;"Powiat białogardzki";"as of the end of December";"below 25 years";"2024";248;"person";"";
3201000;"Powiat białogardzki";"as of the end of December";"below 30 years";"2024";496;"person";"";
3201000;"Powiat białogardzki";"as of the end of December";"over 50 years";"2024";679;"person";"";
3201000;"Powiat białogardzki";"as of the end of December";"long-term unemployed";"2024";1455;"person";"";
3202000;"Powiat choszczeński";"as of the end of December";"total";"2024";1946;"person";"";
3202000;"Powiat choszczeński";"as of the end of December";"females";"2024";1108;"person";"";
3202000;"Powiat choszczeński";"as of the end of December";"males";"2024";838;"person";"";
3202000;"Powiat choszczeński";"as of the end of December";"below 25 years";"2024";244;"person";"";
3202000;"Powiat choszczeński";"as of the end of December";"below 30 years";"2024";445;"person";"";
3202000;"Powiat choszczeński";"as of the end of December";"over 50 years";"2024";503;"person";"";
3202000;"Powiat choszczeński";"as of the end of December";"long-term unemployed";"2024";1133;"person";"";
3203000;"Powiat drawski";"as of the end of December";"total";"2024";1905;"person";"";
3203000;"Powiat drawski";"as of the end of December";"females";"2024";1001;"person";"";
3203000;"Powiat drawski";"as of the end of December";"males";"2024";904;"person";"";
3203000;"Powiat drawski";"as of the end of December";"below 25 years";"2024";213;"person";"";
3203000;"Powiat drawski";"as of the end of December";"below 30 years";"2024";419;"person";"";
3203000;"Powiat drawski";"as of the end of December";"over 50 years";"2024";521;"person";"";
3203000;"Powiat drawski";"as of the end of December";"long-term unemployed";"2024";918;"person";"";
3204000;"Powiat goleniowski";"as of the end of December";"total";"2024";1278;"person";"";
3204000;"Powiat goleniowski";"as of the end of December";"females";"2024";706;"person";"";
3204000;"Powiat goleniowski";"as of the end of December";"males";"2024";572;"person";"";
3204000;"Powiat goleniowski";"as of the end of December";"below 25 years";"2024";170;"person";"";
3204000;"Powiat goleniowski";"as of the end of December";"below 30 years";"2024";276;"person";"";
3204000;"Powiat goleniowski";"as of the end of December";"over 50 years";"2024";308;"person";"";
3204000;"Powiat goleniowski";"as of the end of December";"long-term unemployed";"2024";326;"person";"";
3205000;"Powiat gryficki";"as of the end of December";"total";"2024";1403;"person";"";
3205000;"Powiat gryficki";"as of the end of December";"females";"2024";823;"person";"";
3205000;"Powiat gryficki";"as of the end of December";"males";"2024";580;"person";"";
3205000;"Powiat gryficki";"as of the end of December";"below 25 years";"2024";172;"person";"";
3205000;"Powiat gryficki";"as of the end of December";"below 30 years";"2024";344;"person";"";
3205000;"Powiat gryficki";"as of the end of December";"over 50 years";"2024";366;"person";"";
3205000;"Powiat gryficki";"as of the end of December";"long-term unemployed";"2024";588;"person";"";
3206000;"Powiat gryfiński";"as of the end of December";"total";"2024";1571;"person";"";
3206000;"Powiat gryfiński";"as of the end of December";"females";"2024";928;"person";"";
3206000;"Powiat gryfiński";"as of the end of December";"males";"2024";643;"person";"";
3206000;"Powiat gryfiński";"as of the end of December";"below 25 years";"2024";214;"person";"";
3206000;"Powiat gryfiński";"as of the end of December";"below 30 years";"2024";373;"person";"";
3206000;"Powiat gryfiński";"as of the end of December";"over 50 years";"2024";457;"person";"";
3206000;"Powiat gryfiński";"as of the end of December";"long-term unemployed";"2024";899;"person";"";
3207000;"Powiat kamieński";"as of the end of December";"total";"2024";1724;"person";"";
3207000;"Powiat kamieński";"as of the end of December";"females";"2024";919;"person";"";
3207000;"Powiat kamieński";"as of the end of December";"males";"2024";805;"person";"";
3207000;"Powiat kamieński";"as of the end of December";"below 25 years";"2024";191;"person";"";
3207000;"Powiat kamieński";"as of the end of December";"below 30 years";"2024";340;"person";"";
3207000;"Powiat kamieński";"as of the end of December";"over 50 years";"2024";488;"person";"";
3207000;"Powiat kamieński";"as of the end of December";"long-term unemployed";"2024";960;"person";"";
3208000;"Powiat kołobrzeski";"as of the end of December";"total";"2024";607;"person";"";
3208000;"Powiat kołobrzeski";"as of the end of December";"females";"2024";306;"person";"";
3208000;"Powiat kołobrzeski";"as of the end of December";"males";"2024";301;"person";"";
3208000;"Powiat kołobrzeski";"as of the end of December";"below 25 years";"2024";74;"person";"";
3208000;"Powiat kołobrzeski";"as of the end of December";"below 30 years";"2024";128;"person";"";
3208000;"Powiat kołobrzeski";"as of the end of December";"over 50 years";"2024";187;"person";"";
3208000;"Powiat kołobrzeski";"as of the end of December";"long-term unemployed";"2024";115;"person";"";
3209000;"Powiat koszaliński";"as of the end of December";"total";"2024";2170;"person";"";
3209000;"Powiat koszaliński";"as of the end of December";"females";"2024";1212;"person";"";
3209000;"Powiat koszaliński";"as of the end of December";"males";"2024";958;"person";"";
3209000;"Powiat koszaliński";"as of the end of December";"below 25 years";"2024";219;"person";"";
3209000;"Powiat koszaliński";"as of the end of December";"below 30 years";"2024";451;"person";"";
3209000;"Powiat koszaliński";"as of the end of December";"over 50 years";"2024";673;"person";"";
3209000;"Powiat koszaliński";"as of the end of December";"long-term unemployed";"2024";1183;"person";"";
3210000;"Powiat myśliborski";"as of the end of December";"total";"2024";1386;"person";"";
3210000;"Powiat myśliborski";"as of the end of December";"females";"2024";763;"person";"";
3210000;"Powiat myśliborski";"as of the end of December";"males";"2024";623;"person";"";
3210000;"Powiat myśliborski";"as of the end of December";"below 25 years";"2024";187;"person";"";
3210000;"Powiat myśliborski";"as of the end of December";"below 30 years";"2024";334;"person";"";
3210000;"Powiat myśliborski";"as of the end of December";"over 50 years";"2024";372;"person";"";
3210000;"Powiat myśliborski";"as of the end of December";"long-term unemployed";"2024";653;"person";"";
3211000;"Powiat policki";"as of the end of December";"total";"2024";1151;"person";"";
3211000;"Powiat policki";"as of the end of December";"females";"2024";567;"person";"";
3211000;"Powiat policki";"as of the end of December";"males";"2024";584;"person";"";
3211000;"Powiat policki";"as of the end of December";"below 25 years";"2024";120;"person";"";
3211000;"Powiat policki";"as of the end of December";"below 30 years";"2024";235;"person";"";
3211000;"Powiat policki";"as of the end of December";"over 50 years";"2024";315;"person";"";
3211000;"Powiat policki";"as of the end of December";"long-term unemployed";"2024";443;"person";"";
3212000;"Powiat pyrzycki";"as of the end of December";"total";"2024";1139;"person";"";
3212000;"Powiat pyrzycki";"as of the end of December";"females";"2024";622;"person";"";
3212000;"Powiat pyrzycki";"as of the end of December";"males";"2024";517;"person";"";
3212000;"Powiat pyrzycki";"as of the end of December";"below 25 years";"2024";155;"person";"";
3212000;"Powiat pyrzycki";"as of the end of December";"below 30 years";"2024";274;"person";"";
3212000;"Powiat pyrzycki";"as of the end of December";"over 50 years";"2024";314;"person";"";
3212000;"Powiat pyrzycki";"as of the end of December";"long-term unemployed";"2024";566;"person";"";
3213000;"Powiat sławieński";"as of the end of December";"total";"2024";2089;"person";"";
3213000;"Powiat sławieński";"as of the end of December";"females";"2024";1087;"person";"";
3213000;"Powiat sławieński";"as of the end of December";"males";"2024";1002;"person";"";
3213000;"Powiat sławieński";"as of the end of December";"below 25 years";"2024";243;"person";"";
3213000;"Powiat sławieński";"as of the end of December";"below 30 years";"2024";456;"person";"";
3213000;"Powiat sławieński";"as of the end of December";"over 50 years";"2024";620;"person";"";
3213000;"Powiat sławieński";"as of the end of December";"long-term unemployed";"2024";1085;"person";"";
3214000;"Powiat stargardzki";"as of the end of December";"total";"2024";2550;"person";"";
3214000;"Powiat stargardzki";"as of the end of December";"females";"2024";1495;"person";"";
3214000;"Powiat stargardzki";"as of the end of December";"males";"2024";1055;"person";"";
3214000;"Powiat stargardzki";"as of the end of December";"below 25 years";"2024";272;"person";"";
3214000;"Powiat stargardzki";"as of the end of December";"below 30 years";"2024";601;"person";"";
3214000;"Powiat stargardzki";"as of the end of December";"over 50 years";"2024";672;"person";"";
3214000;"Powiat stargardzki";"as of the end of December";"long-term unemployed";"2024";1364;"person";"";
3215000;"Powiat szczecinecki";"as of the end of December";"total";"2024";3074;"person";"";
3215000;"Powiat szczecinecki";"as of the end of December";"females";"2024";1793;"person";"";
3215000;"Powiat szczecinecki";"as of the end of December";"males";"2024";1281;"person";"";
3215000;"Powiat szczecinecki";"as of the end of December";"below 25 years";"2024";397;"person";"";
3215000;"Powiat szczecinecki";"as of the end of December";"below 30 years";"2024";738;"person";"";
3215000;"Powiat szczecinecki";"as of the end of December";"over 50 years";"2024";849;"person";"";
3215000;"Powiat szczecinecki";"as of the end of December";"long-term unemployed";"2024";1702;"person";"";
3216000;"Powiat świdwiński";"as of the end of December";"total";"2024";1653;"person";"";
3216000;"Powiat świdwiński";"as of the end of December";"females";"2024";879;"person";"";
3216000;"Powiat świdwiński";"as of the end of December";"males";"2024";774;"person";"";
3216000;"Powiat świdwiński";"as of the end of December";"below 25 years";"2024";220;"person";"";
3216000;"Powiat świdwiński";"as of the end of December";"below 30 years";"2024";395;"person";"";
3216000;"Powiat świdwiński";"as of the end of December";"over 50 years";"2024";457;"person";"";
3216000;"Powiat świdwiński";"as of the end of December";"long-term unemployed";"2024";849;"person";"";
3217000;"Powiat wałecki";"as of the end of December";"total";"2024";1429;"person";"";
3217000;"Powiat wałecki";"as of the end of December";"females";"2024";823;"person";"";
3217000;"Powiat wałecki";"as of the end of December";"males";"2024";606;"person";"";
3217000;"Powiat wałecki";"as of the end of December";"below 25 years";"2024";201;"person";"";
3217000;"Powiat wałecki";"as of the end of December";"below 30 years";"2024";337;"person";"";
3217000;"Powiat wałecki";"as of the end of December";"over 50 years";"2024";424;"person";"";
3217000;"Powiat wałecki";"as of the end of December";"long-term unemployed";"2024";637;"person";"";
3218000;"Powiat łobeski";"as of the end of December";"total";"2024";1449;"person";"";
3218000;"Powiat łobeski";"as of the end of December";"females";"2024";782;"person";"";
3218000;"Powiat łobeski";"as of the end of December";"males";"2024";667;"person";"";
3218000;"Powiat łobeski";"as of the end of December";"below 25 years";"2024";180;"person";"";
3218000;"Powiat łobeski";"as of the end of December";"below 30 years";"2024";336;"person";"";
3218000;"Powiat łobeski";"as of the end of December";"over 50 years";"2024";418;"person";"";
3218000;"Powiat łobeski";"as of the end of December";"long-term unemployed";"2024";809;"person";"";
3261000;"City with powiat status Koszalin";"as of the end of December";"total";"2024";2268;"person";"";
3261000;"City with powiat status Koszalin";"as of the end of December";"females";"2024";1098;"person";"";
3261000;"City with powiat status Koszalin";"as of the end of December";"males";"2024";1170;"person";"";
3261000;"City with powiat status Koszalin";"as of the end of December";"below 25 years";"2024";168;"person";"";
3261000;"City with powiat status Koszalin";"as of the end of December";"below 30 years";"2024";342;"person";"";
3261000;"City with powiat status Koszalin";"as of the end of December";"over 50 years";"2024";776;"person";"";
3261000;"City with powiat status Koszalin";"as of the end of December";"long-term unemployed";"2024";1019;"person";"";
3262000;"City with powiat status Szczecin";"as of the end of December";"total";"2024";5915;"person";"";
3262000;"City with powiat status Szczecin";"as of the end of December";"females";"2024";2799;"person";"";
3262000;"City with powiat status Szczecin";"as of the end of December";"males";"2024";3116;"person";"";
3262000;"City with powiat status Szczecin";"as of the end of December";"below 25 years";"2024";407;"person";"";
3262000;"City with powiat status Szczecin";"as of the end of December";"below 30 years";"2024";932;"person";"";
3262000;"City with powiat status Szczecin";"as of the end of December";"over 50 years";"2024";1907;"person";"";
3262000;"City with powiat status Szczecin";"as of the end of December";"long-term unemployed";"2024";2472;"person";"";
3263000;"City with powiat status Świnoujście";"as of the end of December";"total";"2024";585;"person";"";
3263000;"City with powiat status Świnoujście";"as of the end of December";"females";"2024";262;"person";"";
3263000;"City with powiat status Świnoujście";"as of the end of December";"males";"2024";323;"person";"";
3263000;"City with powiat status Świnoujście";"as of the end of December";"below 25 years";"2024";35;"person";"";
3263000;"City with powiat status Świnoujście";"as of the end of December";"below 30 years";"2024";79;"person";"";
3263000;"City with powiat status Świnoujście";"as of the end of December";"over 50 years";"2024";217;"person";"";
3263000;"City with powiat status Świnoujście";"as of the end of December";"long-term unemployed";"2024";234;"person";"";
